Ref No,Session,Subject,StartDate,Classes
1,2017-18,Final Term-1 for Classes 1st to 8th,29/1/2018,"SN.1st,SN.2nd,SN.3rd,SN.4th,SN.5th,SN.6th,SN.7th,SN.8th,MT.1st,MT.2nd,MT.3rd,MT.4th,MT.5th,MT.6th,MT.7th,MT.8th"
2,2017-18,MT-6 - Maths,29/1/2018,"SN.1st,SN.2nd,SN.3rd,SN.4th,SN.5th,SN.6th,SN.7th,SN.8th,MT.1st,MT.2nd,MT.3rd,MT.4th,MT.5th,MT.6th,MT.7th,MT.8th"
3,2017-18,Practical-2 (Sub:1) - 11th,30/1/2018,"SN.11th,MT.11th"
4,2017-18,Practical-2 (Sub:2) - 11th,31/1/2018,"SN.11th,MT.11th"
5,2017-18,Final Term-1 for Classes 1st to 8th,31/1/2018,"SN.1st,SN.2nd,SN.3rd,SN.4th,SN.5th,SN.6th,SN.7th,SN.8th,MT.1st,MT.2nd,MT.3rd,MT.4th,MT.5th,MT.6th,MT.7th,MT.8th"
6,2017-18,Declamation-Hindi - 9th-10th,31/1/2018,"SN.9th,SN.10th,MT.9th,MT.10th"
7,2017-18,Practical-2 (Sub:3) - 11th,1/2/2018,"SN.11th,MT.11th"
8,2017-18,Declamation-Hindi - 6th-8th,1/2/2018,"SN.6th,SN.7th,SN.8th,MT.6th,MT.7th,MT.8th"
9,2017-18,Nature's Basket Activity - Nur. & K.G./Prep.,1/2/2018,"SN.Pre-Nur,SN.Nur,SN.LKG,SN.UKG,MT.Pre-Nur,MT.Nur,MT.LKG,MT.UKG"
10,2017-18,Practical-2 (Sub:4) - 11th,2/2/2018,"SN.11th,MT.11th"
11,2017-18,Final Term-1 for Classes 1st to 8th,2/2/2018,"SN.1st,SN.2nd,SN.3rd,SN.4th,SN.5th,SN.6th,SN.7th,SN.8th,MT.1st,MT.2nd,MT.3rd,MT.4th,MT.5th,MT.6th,MT.7th,MT.8th"
12,2017-18,Declamation-Hindi - 3rd-5th,2/2/2018,"SN.3rd,SN.4th,SN.5th,MT.3rd,MT.4th,MT.5th"
13,2017-18,Preparatory Holiday for Class 11th,3/2/2018,"SN.11th,MT.11th"
14,2017-18,Final Term-1 for Classes 1st to 8th,3/2/2018,"SN.1st,SN.2nd,SN.3rd,SN.4th,SN.5th,SN.6th,SN.7th,SN.8th,MT.1st,MT.2nd,MT.3rd,MT.4th,MT.5th,MT.6th,MT.7th,MT.8th"
15,2017-18,Final Term-1 for Classes 1st to 8th,5/2/2018,"SN.1st,SN.2nd,SN.3rd,SN.4th,SN.5th,SN.6th,SN.7th,SN.8th,MT.1st,MT.2nd,MT.3rd,MT.4th,MT.5th,MT.6th,MT.7th,MT.8th"
16,2017-18,MT-6 - Science,5/2/2018,"SN.1st,SN.2nd,SN.3rd,SN.4th,SN.5th,SN.6th,SN.7th,SN.8th,MT.1st,MT.2nd,MT.3rd,MT.4th,MT.5th,MT.6th,MT.7th,MT.8th"
17,2017-18,Awareness about First-Aid Activity - Nur. & K.G./Prep.,5/2/2018,"SN.Pre-Nur,SN.Nur,SN.LKG,SN.UKG,MT.Pre-Nur,MT.Nur,MT.LKG,MT.UKG"
18,2017-18,Finals-2 (Sub:1) - 9th & 11th,6/2/2018,"SN.9th,SN.11th,MT.9th,MT.11th"
19,2017-18,Final Term-1 for Classes 1st to 8th,7/2/2018,"SN.1st,SN.2nd,SN.3rd,SN.4th,SN.5th,SN.6th,SN.7th,SN.8th,MT.1st,MT.2nd,MT.3rd,MT.4th,MT.5th,MT.6th,MT.7th,MT.8th"
20,2017-18,Finals-2 (Sub:2) - 9th & 11th,8/2/2018,"SN.9th,SN.11th,MT.9th,MT.11th"
21,2017-18,Finals-2 (Sub:3) - 9th & 11th,9/2/2018,"SN.9th,SN.11th,MT.9th,MT.11th"
22,2017-18,2nd Saturday Off,10/2/2018,"SN.Pre-Nur,SN.Nur,SN.LKG,SN.UKG,SN.1st,SN.2nd,SN.3rd,SN.4th,SN.5th,SN.6th,SN.7th,SN.8th,SN.9th,SN.10th,SN.11th,SN.12th,MT.Pre-Nur,MT.Nur,MT.LKG,MT.UKG,MT.1st,MT.2nd,MT.3rd,MT.4th,MT.5th,MT.6th,MT.7th,MT.8th,MT.9th,MT.10th,MT.11th,MT.12th"
23,2017-18,MT-6 - Social Science,12/2/2018,"SN.1st,SN.2nd,SN.3rd,SN.4th,SN.5th,SN.6th,SN.7th,SN.8th,MT.1st,MT.2nd,MT.3rd,MT.4th,MT.5th,MT.6th,MT.7th,MT.8th"
24,2017-18,Finals-2 (Sub:4) - 9th & 11th,12/2/2018,"SN.9th,SN.11th,MT.9th,MT.11th"
25,2017-18,Maha Shiv Ratri - Holiday,13/2/2018,"SN.Pre-Nur,SN.Nur,SN.LKG,SN.UKG,SN.1st,SN.2nd,SN.3rd,SN.4th,SN.5th,SN.6th,SN.7th,SN.8th,SN.9th,SN.10th,SN.11th,SN.12th,MT.Pre-Nur,MT.Nur,MT.LKG,MT.UKG,MT.1st,MT.2nd,MT.3rd,MT.4th,MT.5th,MT.6th,MT.7th,MT.8th,MT.9th,MT.10th,MT.11th,MT.12th"
26,2017-18,Finals-2 (Sub:5) - 9th & 11th,15/2/2018,"SN.9th,SN.11th,MT.9th,MT.11th"
27,2017-18,Finals-2 (Sub:6) - 9th & 11th,17/2/2018,"SN.9th,SN.11th,MT.9th,MT.11th"
28,2017-18,12th Farewell,22/2/2018,"SN.11th,SN.12th,MT.11th,MT.12th"
29,2017-18,PTM for Classes 9th &11th,25/2/2018,"SN.9th,SN.11th,MT.9th,MT.11th"
30,2018-19,Session Commences for Classes 10th & 12th,26/2/2018,"SN.10th,SN.12th,MT.10th,MT.12th"
31,2017-18,Holi - Holiday,1/3/2018,"SN.Pre-Nur,SN.Nur,SN.LKG,SN.UKG,SN.1st,SN.2nd,SN.3rd,SN.4th,SN.5th,SN.6th,SN.7th,SN.8th,SN.9th,SN.10th,SN.11th,SN.12th,MT.Pre-Nur,MT.Nur,MT.LKG,MT.UKG,MT.1st,MT.2nd,MT.3rd,MT.4th,MT.5th,MT.6th,MT.7th,MT.8th,MT.9th,MT.10th,MT.11th,MT.12th"
32,2017-18,Holi - Holiday,2/3/2018,"SN.Pre-Nur,SN.Nur,SN.LKG,SN.UKG,SN.1st,SN.2nd,SN.3rd,SN.4th,SN.5th,SN.6th,SN.7th,SN.8th,SN.9th,SN.10th,SN.11th,SN.12th,MT.Pre-Nur,MT.Nur,MT.LKG,MT.UKG,MT.1st,MT.2nd,MT.3rd,MT.4th,MT.5th,MT.6th,MT.7th,MT.8th,MT.9th,MT.10th,MT.11th,MT.12th"
33,2017-18,Final Term-2 for Classes 1st to 8th,3/3/2018,"SN.1st,SN.2nd,SN.3rd,SN.4th,SN.5th,SN.6th,SN.7th,SN.8th,MT.1st,MT.2nd,MT.3rd,MT.4th,MT.5th,MT.6th,MT.7th,MT.8th"
34,2017-18,Final Term-2 for Classes 1st to 8th,5/3/2018,"SN.1st,SN.2nd,SN.3rd,SN.4th,SN.5th,SN.6th,SN.7th,SN.8th,MT.1st,MT.2nd,MT.3rd,MT.4th,MT.5th,MT.6th,MT.7th,MT.8th"
35,2017-18,Final Term-2 for Classes 1st to 8th,7/3/2018,"SN.1st,SN.2nd,SN.3rd,SN.4th,SN.5th,SN.6th,SN.7th,SN.8th,MT.1st,MT.2nd,MT.3rd,MT.4th,MT.5th,MT.6th,MT.7th,MT.8th"
36,2017-18,Final Term-2 for Classes 1st to 8th,9/3/2018,"SN.1st,SN.2nd,SN.3rd,SN.4th,SN.5th,SN.6th,SN.7th,SN.8th,MT.1st,MT.2nd,MT.3rd,MT.4th,MT.5th,MT.6th,MT.7th,MT.8th"
37,2017-18,2nd Saturday Off,10/3/2018,"SN.Pre-Nur,SN.Nur,SN.LKG,SN.UKG,SN.1st,SN.2nd,SN.3rd,SN.4th,SN.5th,SN.6th,SN.7th,SN.8th,SN.9th,SN.10th,SN.11th,SN.12th,MT.Pre-Nur,MT.Nur,MT.LKG,MT.UKG,MT.1st,MT.2nd,MT.3rd,MT.4th,MT.5th,MT.6th,MT.7th,MT.8th,MT.9th,MT.10th,MT.11th,MT.12th"
38,2017-18,Final Term-2 for Classes 1st to 8th,12/3/2018,"SN.1st,SN.2nd,SN.3rd,SN.4th,SN.5th,SN.6th,SN.7th,SN.8th,MT.1st,MT.2nd,MT.3rd,MT.4th,MT.5th,MT.6th,MT.7th,MT.8th"
39,2017-18,Final Term-2 for Classes 1st to 8th,14/3/2018,"SN.1st,SN.2nd,SN.3rd,SN.4th,SN.5th,SN.6th,SN.7th,SN.8th,MT.1st,MT.2nd,MT.3rd,MT.4th,MT.5th,MT.6th,MT.7th,MT.8th"
40,2017-18,Final Term-2 for Classes 1st to 8th,16/3/2018,"SN.1st,SN.2nd,SN.3rd,SN.4th,SN.5th,SN.6th,SN.7th,SN.8th,MT.1st,MT.2nd,MT.3rd,MT.4th,MT.5th,MT.6th,MT.7th,MT.8th"
41,2018-19,11th-12th MT-1 - English,19/3/2018,"SN.11th,SN.12th,MT.11th,MT.12th"
42,2018-19,9th-10th MT-1 - English,19/3/2018,"SN.9th,SN.10th,MT.9th,MT.10th"
43,2017-18,PTM Saturday Off,24/3/2018,"SN.Pre-Nur,SN.Nur,SN.LKG,SN.UKG,SN.1st,SN.2nd,SN.3rd,SN.4th,SN.5th,SN.6th,SN.7th,SN.8th,SN.9th,SN.10th,SN.11th,SN.12th,MT.Pre-Nur,MT.Nur,MT.LKG,MT.UKG,MT.1st,MT.2nd,MT.3rd,MT.4th,MT.5th,MT.6th,MT.7th,MT.8th,MT.9th,MT.10th,MT.11th,MT.12th"
44,2017-18,Holiday - Ram Navami,25/3/2018,"SN.Pre-Nur,SN.Nur,SN.LKG,SN.UKG,SN.1st,SN.2nd,SN.3rd,SN.4th,SN.5th,SN.6th,SN.7th,SN.8th,SN.9th,SN.10th,SN.11th,SN.12th,MT.Pre-Nur,MT.Nur,MT.LKG,MT.UKG,MT.1st,MT.2nd,MT.3rd,MT.4th,MT.5th,MT.6th,MT.7th,MT.8th,MT.9th,MT.10th,MT.11th,MT.12th"
45,2017-18,PTM,25/3/2018,"SN.Pre-Nur,SN.Nur,SN.LKG,SN.UKG,SN.1st,SN.2nd,SN.3rd,SN.4th,SN.5th,SN.6th,SN.7th,SN.8th,SN.9th,SN.10th,SN.11th,SN.12th,MT.Pre-Nur,MT.Nur,MT.LKG,MT.UKG,MT.1st,MT.2nd,MT.3rd,MT.4th,MT.5th,MT.6th,MT.7th,MT.8th,MT.9th,MT.10th,MT.11th,MT.12th"
46,2018-19,11th-12th MT-1 - Economics,26/3/2018,"SN.11th,SN.12th,MT.11th,MT.12th"
47,2018-19,11th-12th MT-1 - Physics,26/3/2018,"SN.11th,SN.12th,MT.11th,MT.12th"
48,2018-19,9th-10th MT-1 - Hindi,26/3/2018,"SN.9th,SN.10th,MT.9th,MT.10th"
49,2018-19,11th-12th MT-1 - Accounts,2/4/2018,"SN.11th,SN.12th,MT.11th,MT.12th"
50,2018-19,11th-12th MT-1 - Chemistry,2/4/2018,"SN.11th,SN.12th,MT.11th,MT.12th"
51,2018-19,9th-10th MT-1 - Maths,2/4/2018,"SN.9th,SN.10th,MT.9th,MT.10th"
52,2018-19,(A) Pre-Prim - Welcome to SRBPS (Hand-Printing),2/4/2018,"SN.Pre-Nur,SN.Nur,SN.LKG,SN.UKG,MT.Pre-Nur,MT.Nur,MT.LKG,MT.UKG"
53,2018-19,(A) Pre-Prim - Welcome to SRBPS (Hand-Printing),3/4/2018,"SN.Pre-Nur,SN.Nur,SN.LKG,SN.UKG,MT.Pre-Nur,MT.Nur,MT.LKG,MT.UKG"
54,2018-19,11th-12th MT-1 - Mathematics/Phy. Edu.,9/4/2018,"SN.11th,SN.12th,MT.11th,MT.12th"
55,2018-19,(A) 1st-2nd - Origami,9/4/2018,"SN.1st,SN.2nd,MT.1st,MT.2nd"
56,2018-19,(A) 3rd-5th - Self Introduction,9/4/2018,"SN.3rd,SN.4th,SN.5th,MT.3rd,MT.4th,MT.5th"
57,2018-19,(C) 6th to 8th - Poster Making,9/4/2018,"SN.6th,SN.7th,SN.8th,MT.6th,MT.7th,MT.8th"
58,2018-19,9th-10th MT-1 - Science,9/4/2018,"SN.9th,SN.10th,MT.9th,MT.10th"
59,2018-19,(C) 6th-8th - Poetry Recitation/Story Telling (E/H) (P),12/4/2018,"SN.6th,SN.7th,SN.8th,MT.6th,MT.7th,MT.8th"
60,2018-19,(C) 3rd-5th - Poetry Recitation (P),13/4/2018,"SN.3rd,SN.4th,SN.5th,MT.3rd,MT.4th,MT.5th"
61,2018-19,2nd Saturday Off,14/4/2018,"SN.Pre-Nur,SN.Nur,SN.LKG,SN.UKG,SN.1st,SN.2nd,SN.3rd,SN.4th,SN.5th,SN.6th,SN.7th,SN.8th,SN.9th,SN.10th,SN.11th,SN.12th,MT.Pre-Nur,MT.Nur,MT.LKG,MT.UKG,MT.1st,MT.2nd,MT.3rd,MT.4th,MT.5th,MT.6th,MT.7th,MT.8th,MT.9th,MT.10th,MT.11th,MT.12th"
62,2018-19,Holiday - Ambedkar Jayanti,14/4/2018,"SN.Pre-Nur,SN.Nur,SN.LKG,SN.UKG,SN.1st,SN.2nd,SN.3rd,SN.4th,SN.5th,SN.6th,SN.7th,SN.8th,SN.9th,SN.10th,SN.11th,SN.12th,MT.Pre-Nur,MT.Nur,MT.LKG,MT.UKG,MT.1st,MT.2nd,MT.3rd,MT.4th,MT.5th,MT.6th,MT.7th,MT.8th,MT.9th,MT.10th,MT.11th,MT.12th"
63,2018-19,11th-12th MT-1 - Biology/Computers/Phy. Edu.,16/4/2018,"SN.11th,SN.12th,MT.11th,MT.12th"
64,2018-19,11th-12th MT-1 - Business Study,16/4/2018,"SN.11th,SN.12th,MT.11th,MT.12th"
65,2018-19,1st-8th MT-1 - English,16/4/2018,"SN.1st,SN.2nd,SN.3rd,SN.4th,SN.5th,SN.6th,SN.7th,SN.8th,MT.1st,MT.2nd,MT.3rd,MT.4th,MT.5th,MT.6th,MT.7th,MT.8th"
66,2018-19,9th-10th MT-1 - S.Science,16/4/2018,"SN.9th,SN.10th,MT.9th,MT.10th"
67,2018-19,(A) Nur-LKG - Rainbow Festival (Red Day),16/4/2018,"SN.Pre-Nur,SN.Nur,SN.LKG,MT.Pre-Nur,MT.Nur,MT.LKG"
68,2018-19,(C) 1st-2nd - Coloring & Painting Competition,17/4/2018,"SN.1st,SN.2nd,MT.1st,MT.2nd"
69,2018-19,(C) 3rd-5th - Coloring & Painting Competition,17/4/2018,"SN.3rd,SN.4th,SN.5th,MT.3rd,MT.4th,MT.5th"
70,2018-19,(A) 1st-2nd - Brushing & Combing,18/4/2018,"SN.1st,SN.2nd,MT.1st,MT.2nd"
71,2018-19,(C) Pre-Prim - Butterfly Race,19/4/2018,"SN.Pre-Nur,SN.Nur,SN.LKG,SN.UKG,MT.Pre-Nur,MT.Nur,MT.LKG,MT.UKG"
72,2018-19,(C) 6th-8th - Poetry Recitation/Story Telling (E/H) (F),20/4/2018,"SN.6th,SN.7th,SN.8th,MT.6th,MT.7th,MT.8th"
73,2018-19,(A) Pre-Prim - Parts of Plants,21/4/2018,"SN.Pre-Nur,SN.Nur,SN.LKG,SN.UKG,MT.Pre-Nur,MT.Nur,MT.LKG,MT.UKG"
74,2018-19,11th-12th MT-2 - English,23/4/2018,"SN.11th,SN.12th,MT.11th,MT.12th"
75,2018-19,1st-8th MT-1 - Hindi,23/4/2018,"SN.1st,SN.2nd,SN.3rd,SN.4th,SN.5th,SN.6th,SN.7th,SN.8th,MT.1st,MT.2nd,MT.3rd,MT.4th,MT.5th,MT.6th,MT.7th,MT.8th"
76,2018-19,9th-10th MT-2 - English,23/4/2018,"SN.9th,SN.10th,MT.9th,MT.10th"
77,2018-19,(A) Pre-Prim - Counselling on Oral Hygiene (Week),23/4/2018,"SN.Pre-Nur,SN.Nur,SN.LKG,SN.UKG,MT.Pre-Nur,MT.Nur,MT.LKG,MT.UKG"
78,2018-19,(A) Pre-Prim - Health Checkup (Week),23/4/2018,"SN.Pre-Nur,SN.Nur,SN.LKG,SN.UKG,MT.Pre-Nur,MT.Nur,MT.LKG,MT.UKG"
79,2018-19,(A) Pre-Prim - Counselling on Oral Hygiene (Week),24/4/2018,"SN.Pre-Nur,SN.Nur,SN.LKG,SN.UKG,MT.Pre-Nur,MT.Nur,MT.LKG,MT.UKG"
80,2018-19,(A) Pre-Prim - Health Checkup (Week),24/4/2018,"SN.Pre-Nur,SN.Nur,SN.LKG,SN.UKG,MT.Pre-Nur,MT.Nur,MT.LKG,MT.UKG"
81,2018-19,(C) 9th-10th - Poetry Recitation/Story Telling (E/H),25/4/2018,"SN.9th,SN.10th,MT.9th,MT.10th"
82,2018-19,(A) Pre-Prim - Counselling on Oral Hygiene (Week),25/4/2018,"SN.Pre-Nur,SN.Nur,SN.LKG,SN.UKG,MT.Pre-Nur,MT.Nur,MT.LKG,MT.UKG"
83,2018-19,(A) Pre-Prim - Health Checkup (Week),25/4/2018,"SN.Pre-Nur,SN.Nur,SN.LKG,SN.UKG,MT.Pre-Nur,MT.Nur,MT.LKG,MT.UKG"
84,2018-19,(C) 1st-2nd -  Pack your Bag Race,26/4/2018,"SN.1st,SN.2nd,MT.1st,MT.2nd"
85,2018-19,(C) 3rd-5th - Poetry Recitation (F),26/4/2018,"SN.3rd,SN.4th,SN.5th,MT.3rd,MT.4th,MT.5th"
86,2018-19,(A) Pre-Prim - Counselling on Oral Hygiene (Week),26/4/2018,"SN.Pre-Nur,SN.Nur,SN.LKG,SN.UKG,MT.Pre-Nur,MT.Nur,MT.LKG,MT.UKG"
87,2018-19,(A) Pre-Prim - Health Checkup (Week),26/4/2018,"SN.Pre-Nur,SN.Nur,SN.LKG,SN.UKG,MT.Pre-Nur,MT.Nur,MT.LKG,MT.UKG"
88,2018-19,(C) 11th-12th - Poetry Recitation/Story Telling (E/H),27/4/2018,"SN.11th,SN.12th,MT.11th,MT.12th"
89,2018-19,(A) Pre-Prim - Counselling on Oral Hygiene (Week),27/4/2018,"SN.Pre-Nur,SN.Nur,SN.LKG,SN.UKG,MT.Pre-Nur,MT.Nur,MT.LKG,MT.UKG"
90,2018-19,(A) Pre-Prim - Health Checkup (Week),27/4/2018,"SN.Pre-Nur,SN.Nur,SN.LKG,SN.UKG,MT.Pre-Nur,MT.Nur,MT.LKG,MT.UKG"
91,2018-19,(A) Pre-Prim - Counselling on Oral Hygiene (Week),28/4/2018,"SN.Pre-Nur,SN.Nur,SN.LKG,SN.UKG,MT.Pre-Nur,MT.Nur,MT.LKG,MT.UKG"
92,2018-19,(A) Pre-Prim - Health Checkup (Week),28/4/2018,"SN.Pre-Nur,SN.Nur,SN.LKG,SN.UKG,MT.Pre-Nur,MT.Nur,MT.LKG,MT.UKG"
93,2018-19,(C) 11th-12th - Chess Tournament (P),30/4/2018,"SN.11th,SN.12th,MT.11th,MT.12th"
94,2018-19,11th-12th MT-2 - Economics,30/4/2018,"SN.11th,SN.12th,MT.11th,MT.12th"
95,2018-19,11th-12th MT-2 - Physics,30/4/2018,"SN.11th,SN.12th,MT.11th,MT.12th"
96,2018-19,1st-8th MT-1 - Maths,30/4/2018,"SN.1st,SN.2nd,SN.3rd,SN.4th,SN.5th,SN.6th,SN.7th,SN.8th,MT.1st,MT.2nd,MT.3rd,MT.4th,MT.5th,MT.6th,MT.7th,MT.8th"
97,2018-19,(C) 6th-8th - Chess Tournament (P),30/4/2018,"SN.6th,SN.7th,SN.8th,MT.6th,MT.7th,MT.8th"
98,2018-19,(C) 9th-10th - Chess Tournament (P),30/4/2018,"SN.9th,SN.10th,MT.9th,MT.10th"
99,2018-19,9th-10th MT-2 - Hindi,30/4/2018,"SN.9th,SN.10th,MT.9th,MT.10th"
100,2018-19,(C) 11th-12th - Chess Tournament (P),1/5/2018,"SN.11th,SN.12th,MT.11th,MT.12th"
101,2018-19,3rd-5th - Spell Bee (P),1/5/2018,"SN.3rd,SN.4th,SN.5th,MT.3rd,MT.4th,MT.5th"
102,2018-19,(C) 6th-8th - Chess Tournament (P),1/5/2018,"SN.6th,SN.7th,SN.8th,MT.6th,MT.7th,MT.8th"
103,2018-19,(C) 9th-10th - Chess Tournament (P),1/5/2018,"SN.9th,SN.10th,MT.9th,MT.10th"
104,2018-19,(C) 11th-12th - Chess Tournament (P),2/5/2018,"SN.11th,SN.12th,MT.11th,MT.12th"
105,2018-19,(C) 6th-8th - Chess Tournament (P),2/5/2018,"SN.6th,SN.7th,SN.8th,MT.6th,MT.7th,MT.8th"
106,2018-19,(C) 9th-10th - Chess Tournament (P),2/5/2018,"SN.9th,SN.10th,MT.9th,MT.10th"
107,2018-19,(C) 11th-12th - Chess Tournament (P),3/5/2018,"SN.11th,SN.12th,MT.11th,MT.12th"
108,2018-19,(A) 3rd-5th - Craft Making Week,3/5/2018,"SN.3rd,SN.4th,SN.5th,MT.3rd,MT.4th,MT.5th"
109,2018-19,(C) 6th-8th - Chess Tournament (P),3/5/2018,"SN.6th,SN.7th,SN.8th,MT.6th,MT.7th,MT.8th"
110,2018-19,(C) 9th-10th - Chess Tournament (P),3/5/2018,"SN.9th,SN.10th,MT.9th,MT.10th"
111,2018-19,(C) Pre-Prim - Sorting of Pulses Race,3/5/2018,"SN.Pre-Nur,SN.Nur,SN.LKG,SN.UKG,MT.Pre-Nur,MT.Nur,MT.LKG,MT.UKG"
112,2018-19,(C) 11th-12th - Chess Tournament (P),4/5/2018,"SN.11th,SN.12th,MT.11th,MT.12th"
113,2018-19,(A) 1st-2nd - Sapling Planting,4/5/2018,"SN.1st,SN.2nd,MT.1st,MT.2nd"
114,2018-19,(A) 3rd-5th - Craft Making Week,4/5/2018,"SN.3rd,SN.4th,SN.5th,MT.3rd,MT.4th,MT.5th"
115,2018-19,(C) 6th-8th - Chess Tournament (P),4/5/2018,"SN.6th,SN.7th,SN.8th,MT.6th,MT.7th,MT.8th"
116,2018-19,(C) 9th-10th - Chess Tournament (P),4/5/2018,"SN.9th,SN.10th,MT.9th,MT.10th"
117,2018-19,(C) 11th-12th - Chess Tournament (P),5/5/2018,"SN.11th,SN.12th,MT.11th,MT.12th"
118,2018-19,(C) 1st-2nd - 100 Mtrs. Race,5/5/2018,"SN.1st,SN.2nd,MT.1st,MT.2nd"
119,2018-19,(A) 3rd-5th - Craft Making Week,5/5/2018,"SN.3rd,SN.4th,SN.5th,MT.3rd,MT.4th,MT.5th"
120,2018-19,(C) 6th-8th - Chess Tournament (P),5/5/2018,"SN.6th,SN.7th,SN.8th,MT.6th,MT.7th,MT.8th"
121,2018-19,(C) 9th-10th - Chess Tournament (P),5/5/2018,"SN.9th,SN.10th,MT.9th,MT.10th"
122,2018-19,11th-12th MT-2 - Accounts,7/5/2018,"SN.11th,SN.12th,MT.11th,MT.12th"
123,2018-19,11th-12th MT-2 - Chemistry,7/5/2018,"SN.11th,SN.12th,MT.11th,MT.12th"
124,2018-19,1st-8th MT-1 - Science,7/5/2018,"SN.1st,SN.2nd,SN.3rd,SN.4th,SN.5th,SN.6th,SN.7th,SN.8th,MT.1st,MT.2nd,MT.3rd,MT.4th,MT.5th,MT.6th,MT.7th,MT.8th"
125,2018-19,(A) 3rd-5th - Craft Making Week,7/5/2018,"SN.3rd,SN.4th,SN.5th,MT.3rd,MT.4th,MT.5th"
126,2018-19,9th-10th MT-2 - Maths,7/5/2018,"SN.9th,SN.10th,MT.9th,MT.10th"
127,2018-19,(A) 1st-2nd - Lemonade Making,8/5/2018,"SN.1st,SN.2nd,MT.1st,MT.2nd"
128,2018-19,(A) 3rd-5th - Craft Making Week,8/5/2018,"SN.3rd,SN.4th,SN.5th,MT.3rd,MT.4th,MT.5th"
129,2018-19,(A) 3rd-5th - Craft Making Week,9/5/2018,"SN.3rd,SN.4th,SN.5th,MT.3rd,MT.4th,MT.5th"
130,2018-19,(C) 6th-8th - Extempore,9/5/2018,"SN.6th,SN.7th,SN.8th,MT.6th,MT.7th,MT.8th"
131,2018-19,(C) 1st-2nd - Poetry Recitation (P),10/5/2018,"SN.1st,SN.2nd,MT.1st,MT.2nd"
132,2018-19,(C) 3rd-5th - Just A Minute (JAM),10/5/2018,"SN.3rd,SN.4th,SN.5th,MT.3rd,MT.4th,MT.5th"
133,2018-19,(C) 9th-10th - Extempore,11/5/2018,"SN.9th,SN.10th,MT.9th,MT.10th"
134,2018-19,(A) Pre-Prim - Thumb Painting,11/5/2018,"SN.Pre-Nur,SN.Nur,SN.LKG,SN.UKG,MT.Pre-Nur,MT.Nur,MT.LKG,MT.UKG"
135,2018-19,2nd Saturday Off,12/5/2018,"SN.Pre-Nur,SN.Nur,SN.LKG,SN.UKG,SN.1st,SN.2nd,SN.3rd,SN.4th,SN.5th,SN.6th,SN.7th,SN.8th,SN.9th,SN.10th,SN.11th,SN.12th,MT.Pre-Nur,MT.Nur,MT.LKG,MT.UKG,MT.1st,MT.2nd,MT.3rd,MT.4th,MT.5th,MT.6th,MT.7th,MT.8th,MT.9th,MT.10th,MT.11th,MT.12th"
136,2018-19,11th-12th MT-2 - Mathematics/Phy. Edu.,14/5/2018,"SN.11th,SN.12th,MT.11th,MT.12th"
137,2018-19,1st-8th MT-1 - S.Science,14/5/2018,"SN.1st,SN.2nd,SN.3rd,SN.4th,SN.5th,SN.6th,SN.7th,SN.8th,MT.1st,MT.2nd,MT.3rd,MT.4th,MT.5th,MT.6th,MT.7th,MT.8th"
138,2018-19,9th-10th MT-2 - Science,14/5/2018,"SN.9th,SN.10th,MT.9th,MT.10th"
139,2018-19,(A) Nur-LKG - Rainbow Festival (Green Day),14/5/2018,"SN.Pre-Nur,SN.Nur,SN.LKG,MT.Pre-Nur,MT.Nur,MT.LKG"
140,2018-19,(C) 3rd-5th - Spell Bee (F),16/5/2018,"SN.3rd,SN.4th,SN.5th,MT.3rd,MT.4th,MT.5th"
141,2018-19,(C) 11th-12th - Chess Tournament (F),17/5/2018,"SN.11th,SN.12th,MT.11th,MT.12th"
142,2018-19,(C) 6th-8th - Chess Tournament (F),17/5/2018,"SN.6th,SN.7th,SN.8th,MT.6th,MT.7th,MT.8th"
143,2018-19,(C) 9th-10th - Chess Tournament (F),17/5/2018,"SN.9th,SN.10th,MT.9th,MT.10th"
144,2018-19,(C) 1st-2nd - Poetry Recitation (F),18/5/2018,"SN.1st,SN.2nd,MT.1st,MT.2nd"
145,2018-19,(A) Pre-Prim - Puppet Show,18/5/2018,"SN.Pre-Nur,SN.Nur,SN.LKG,SN.UKG,MT.Pre-Nur,MT.Nur,MT.LKG,MT.UKG"
146,2018-19,PTM Saturday Off,19/5/2018,"SN.Pre-Nur,SN.Nur,SN.LKG,SN.UKG,SN.1st,SN.2nd,SN.3rd,SN.4th,SN.5th,SN.6th,SN.7th,SN.8th,SN.9th,SN.10th,SN.11th,SN.12th,MT.Pre-Nur,MT.Nur,MT.LKG,MT.UKG,MT.1st,MT.2nd,MT.3rd,MT.4th,MT.5th,MT.6th,MT.7th,MT.8th,MT.9th,MT.10th,MT.11th,MT.12th"
147,2018-19,PTM-1 for all classes,20/5/2018,"SN.Pre-Nur,SN.Nur,SN.LKG,SN.UKG,SN.1st,SN.2nd,SN.3rd,SN.4th,SN.5th,SN.6th,SN.7th,SN.8th,SN.9th,SN.10th,SN.11th,SN.12th,MT.Pre-Nur,MT.Nur,MT.LKG,MT.UKG,MT.1st,MT.2nd,MT.3rd,MT.4th,MT.5th,MT.6th,MT.7th,MT.8th,MT.9th,MT.10th,MT.11th,MT.12th"
148,2018-19,11th-12th MT-2 - Biology/Computers/Phy. Edu.,21/5/2018,"SN.11th,SN.12th,MT.11th,MT.12th"
149,2018-19,11th-12th MT-2 - Business Study,21/5/2018,"SN.11th,SN.12th,MT.11th,MT.12th"
150,2018-19,Summer Vacation Commences (Nur-8th),21/5/2018,"SN.1st,SN.2nd,SN.3rd,SN.4th,SN.5th,SN.6th,SN.7th,SN.8th,MT.1st,MT.2nd,MT.3rd,MT.4th,MT.5th,MT.6th,MT.7th,MT.8th"
151,2018-19,9th-10th MT-2 - S.Science,21/5/2018,"SN.9th,SN.10th,MT.9th,MT.10th"
152,2018-19,Summer Vacation Commences (9th-12th),1/6/2018,"SN.9th,SN.10th,SN.11th,SN.12th,MT.9th,MT.10th,MT.11th,MT.12th"
153,2018-19,School Repoens (9th-12th),21/6/2018,"SN.9th,SN.10th,SN.11th,SN.12th,MT.9th,MT.10th,MT.11th,MT.12th"
154,2018-19,9th-12th Mid Term-1,28/6/2018,"SN.9th,SN.10th,SN.11th,SN.12th,MT.9th,MT.10th,MT.11th,MT.12th"
155,2018-19,9th-12th Mid Term-1,30/6/2018,"SN.9th,SN.10th,SN.11th,SN.12th,MT.9th,MT.10th,MT.11th,MT.12th"
156,2018-19,School Repoens (Nur-8th),2/7/2018,"SN.1st,SN.2nd,SN.3rd,SN.4th,SN.5th,SN.6th,SN.7th,SN.8th,MT.1st,MT.2nd,MT.3rd,MT.4th,MT.5th,MT.6th,MT.7th,MT.8th"
157,2018-19,(A) 3rd-5th - Story Telling (English),2/7/2018,"SN.3rd,SN.4th,SN.5th,MT.3rd,MT.4th,MT.5th"
158,2018-19,9th-12th Mid Term-1,2/7/2018,"SN.9th,SN.10th,SN.11th,SN.12th,MT.9th,MT.10th,MT.11th,MT.12th"
159,2018-19,(A) 1st-2nd - Identify The Picture,4/7/2018,"SN.1st,SN.2nd,MT.1st,MT.2nd"
160,2018-19,9th-12th Mid Term-1,5/7/2018,"SN.9th,SN.10th,SN.11th,SN.12th,MT.9th,MT.10th,MT.11th,MT.12th"
161,2018-19,(A) Pre-Prim - Counselling on Care of Eyes & Playing on Mobiles,5/7/2018,"SN.Pre-Nur,SN.Nur,SN.LKG,SN.UKG,MT.Pre-Nur,MT.Nur,MT.LKG,MT.UKG"
162,2018-19,(C) 1st-2nd - Dance Competition,6/7/2018,"SN.1st,SN.2nd,MT.1st,MT.2nd"
163,2018-19,(A) 1st-2nd - Thumb Painting Week,7/7/2018,"SN.1st,SN.2nd,MT.1st,MT.2nd"
164,2018-19,9th-12th Mid Term-1,7/7/2018,"SN.9th,SN.10th,SN.11th,SN.12th,MT.9th,MT.10th,MT.11th,MT.12th"
165,2018-19,(A) 1st-2nd - Thumb Painting Week,9/7/2018,"SN.1st,SN.2nd,MT.1st,MT.2nd"
166,2018-19,1st-8th MT-2 - English,9/7/2018,"SN.1st,SN.2nd,SN.3rd,SN.4th,SN.5th,SN.6th,SN.7th,SN.8th,MT.1st,MT.2nd,MT.3rd,MT.4th,MT.5th,MT.6th,MT.7th,MT.8th"
167,2018-19,(A) 1st-2nd - Thumb Painting Week,10/7/2018,"SN.1st,SN.2nd,MT.1st,MT.2nd"
168,2018-19,9th-12th Mid Term-1,10/7/2018,"SN.9th,SN.10th,SN.11th,SN.12th,MT.9th,MT.10th,MT.11th,MT.12th"
169,2018-19,(A) 1st-2nd - Thumb Painting Week,11/7/2018,"SN.1st,SN.2nd,MT.1st,MT.2nd"
170,2018-19,(C) 3rd-5th - Dictionary Drill (P),11/7/2018,"SN.3rd,SN.4th,SN.5th,MT.3rd,MT.4th,MT.5th"
171,2018-19,(A) 1st-2nd - Thumb Painting Week,12/7/2018,"SN.1st,SN.2nd,MT.1st,MT.2nd"
172,2018-19,(C) 6th-8th - AD-MAD,12/7/2018,"SN.6th,SN.7th,SN.8th,MT.6th,MT.7th,MT.8th"
173,2018-19,(A) 1st-2nd - Thumb Painting Week,13/7/2018,"SN.1st,SN.2nd,MT.1st,MT.2nd"
174,2018-19,(C) Pre-Prim - Solo Dance,13/7/2018,"SN.Pre-Nur,SN.Nur,SN.LKG,SN.UKG,MT.Pre-Nur,MT.Nur,MT.LKG,MT.UKG"
175,2018-19,2nd Saturday Off,14/7/2018,"SN.Pre-Nur,SN.Nur,SN.LKG,SN.UKG,SN.1st,SN.2nd,SN.3rd,SN.4th,SN.5th,SN.6th,SN.7th,SN.8th,SN.9th,SN.10th,SN.11th,SN.12th,MT.Pre-Nur,MT.Nur,MT.LKG,MT.UKG,MT.1st,MT.2nd,MT.3rd,MT.4th,MT.5th,MT.6th,MT.7th,MT.8th,MT.9th,MT.10th,MT.11th,MT.12th"
176,2018-19,1st-8th MT-2 - Hindi,16/7/2018,"SN.1st,SN.2nd,SN.3rd,SN.4th,SN.5th,SN.6th,SN.7th,SN.8th,MT.1st,MT.2nd,MT.3rd,MT.4th,MT.5th,MT.6th,MT.7th,MT.8th"
177,2018-19,(A) Nur-LKG - Rainbow Festival (Yellow Day),16/7/2018,"SN.Pre-Nur,SN.Nur,SN.LKG,MT.Pre-Nur,MT.Nur,MT.LKG"
178,2018-19,(A) 1st-2nd - Self Introduction,18/7/2018,"SN.1st,SN.2nd,MT.1st,MT.2nd"
179,2018-19,(C) 3rd-5th - Dictionary Drill (F),19/7/2018,"SN.3rd,SN.4th,SN.5th,MT.3rd,MT.4th,MT.5th"
180,2018-19,(A) Pre-Prim - Restaurant Manners,21/7/2018,"SN.Pre-Nur,SN.Nur,SN.LKG,SN.UKG,MT.Pre-Nur,MT.Nur,MT.LKG,MT.UKG"
181,2018-19,11th-12th MT-3 - English,23/7/2018,"SN.11th,SN.12th,MT.11th,MT.12th"
182,2018-19,1st-8th MT-2 - Maths,23/7/2018,"SN.1st,SN.2nd,SN.3rd,SN.4th,SN.5th,SN.6th,SN.7th,SN.8th,MT.1st,MT.2nd,MT.3rd,MT.4th,MT.5th,MT.6th,MT.7th,MT.8th"
183,2018-19,9th-10th MT-3 - English,23/7/2018,"SN.9th,SN.10th,MT.9th,MT.10th"
184,2018-19,(A) Pre-Prim - Rain Dance,23/7/2018,"SN.Pre-Nur,SN.Nur,SN.LKG,SN.UKG,MT.Pre-Nur,MT.Nur,MT.LKG,MT.UKG"
185,2018-19,(C) 1st-2nd - Musical Chair,24/7/2018,"SN.1st,SN.2nd,MT.1st,MT.2nd"
186,2018-19,(C) 6th-8th - Declamation (P),25/7/2018,"SN.6th,SN.7th,SN.8th,MT.6th,MT.7th,MT.8th"
187,2018-19,(C) 9th-10th - AD-MAD,26/7/2018,"SN.9th,SN.10th,MT.9th,MT.10th"
188,2018-19,(C) 11th-12th - AD-MAD,27/7/2018,"SN.11th,SN.12th,MT.11th,MT.12th"
189,2018-19,11th-12th MT-3 - Economics,30/7/2018,"SN.11th,SN.12th,MT.11th,MT.12th"
190,2018-19,11th-12th MT-3 - Physics,30/7/2018,"SN.11th,SN.12th,MT.11th,MT.12th"
191,2018-19,1st-8th MT-2 - Science,30/7/2018,"SN.1st,SN.2nd,SN.3rd,SN.4th,SN.5th,SN.6th,SN.7th,SN.8th,MT.1st,MT.2nd,MT.3rd,MT.4th,MT.5th,MT.6th,MT.7th,MT.8th"
192,2018-19,9th-10th MT-3 - Hindi,30/7/2018,"SN.9th,SN.10th,MT.9th,MT.10th"
193,2018-19,(C) Pre-Prim - Jumping Race,30/7/2018,"SN.Pre-Nur,SN.Nur,SN.LKG,SN.UKG,MT.Pre-Nur,MT.Nur,MT.LKG,MT.UKG"
194,2018-19,(C) 3rd-5th - AD-MAD,31/7/2018,"SN.3rd,SN.4th,SN.5th,MT.3rd,MT.4th,MT.5th"
195,2018-19,(C) 1st-2nd - Pick A Chit,1/8/2018,"SN.1st,SN.2nd,MT.1st,MT.2nd"
196,2018-19,11th-12th MT-3 - Accounts,6/8/2018,"SN.11th,SN.12th,MT.11th,MT.12th"
197,2018-19,11th-12th MT-3 - Chemistry,6/8/2018,"SN.11th,SN.12th,MT.11th,MT.12th"
198,2018-19,1st-8th MT-2 - S.Science,6/8/2018,"SN.1st,SN.2nd,SN.3rd,SN.4th,SN.5th,SN.6th,SN.7th,SN.8th,MT.1st,MT.2nd,MT.3rd,MT.4th,MT.5th,MT.6th,MT.7th,MT.8th"
199,2018-19,9th-10th MT-3 - Maths,6/8/2018,"SN.9th,SN.10th,MT.9th,MT.10th"
200,2018-19,(C) 6th-8th - Declamation (F),7/8/2018,"SN.6th,SN.7th,SN.8th,MT.6th,MT.7th,MT.8th"
201,2018-19,(C) 11th-12th - Debate (P),8/8/2018,"SN.11th,SN.12th,MT.11th,MT.12th"
202,2018-19,(C) Pre-Prim - Hindi Rhymes Competition,8/8/2018,"SN.Pre-Nur,SN.Nur,SN.LKG,SN.UKG,MT.Pre-Nur,MT.Nur,MT.LKG,MT.UKG"
203,2018-19,(C) 1st-2nd - Football Match,9/8/2018,"SN.1st,SN.2nd,MT.1st,MT.2nd"
204,2018-19,(C) 9th-10th - Debate (P),9/8/2018,"SN.9th,SN.10th,MT.9th,MT.10th"
205,2018-19,(C) 3rd-5th - Fancy Dress,10/8/2018,"SN.3rd,SN.4th,SN.5th,MT.3rd,MT.4th,MT.5th"
206,2018-19,2nd Saturday Off,11/8/2018,"SN.Pre-Nur,SN.Nur,SN.LKG,SN.UKG,SN.1st,SN.2nd,SN.3rd,SN.4th,SN.5th,SN.6th,SN.7th,SN.8th,SN.9th,SN.10th,SN.11th,SN.12th,MT.Pre-Nur,MT.Nur,MT.LKG,MT.UKG,MT.1st,MT.2nd,MT.3rd,MT.4th,MT.5th,MT.6th,MT.7th,MT.8th,MT.9th,MT.10th,MT.11th,MT.12th"
207,2018-19,11th-12th MT-3 - Mathematics/Phy. Edu.,13/8/2018,"SN.11th,SN.12th,MT.11th,MT.12th"
208,2018-19,1st-8th MT-3 - English,13/8/2018,"SN.1st,SN.2nd,SN.3rd,SN.4th,SN.5th,SN.6th,SN.7th,SN.8th,MT.1st,MT.2nd,MT.3rd,MT.4th,MT.5th,MT.6th,MT.7th,MT.8th"
209,2018-19,9th-10th MT-3 - Science,13/8/2018,"SN.9th,SN.10th,MT.9th,MT.10th"
210,2018-19,(C) Pre-Prim - Collect The Flag Race,14/8/2018,"SN.Pre-Nur,SN.Nur,SN.LKG,SN.UKG,MT.Pre-Nur,MT.Nur,MT.LKG,MT.UKG"
211,2018-19,Special Assembly - Independence Day,14/8/2018,"SN.Pre-Nur,SN.Nur,SN.LKG,SN.UKG,SN.1st,SN.2nd,SN.3rd,SN.4th,SN.5th,SN.6th,SN.7th,SN.8th,SN.9th,SN.10th,SN.11th,SN.12th,MT.Pre-Nur,MT.Nur,MT.LKG,MT.UKG,MT.1st,MT.2nd,MT.3rd,MT.4th,MT.5th,MT.6th,MT.7th,MT.8th,MT.9th,MT.10th,MT.11th,MT.12th"
212,2018-19,Holiday - Independence Day,15/8/2018,"SN.Pre-Nur,SN.Nur,SN.LKG,SN.UKG,SN.1st,SN.2nd,SN.3rd,SN.4th,SN.5th,SN.6th,SN.7th,SN.8th,SN.9th,SN.10th,SN.11th,SN.12th,MT.Pre-Nur,MT.Nur,MT.LKG,MT.UKG,MT.1st,MT.2nd,MT.3rd,MT.4th,MT.5th,MT.6th,MT.7th,MT.8th,MT.9th,MT.10th,MT.11th,MT.12th"
213,2018-19,(A) 1st-2nd - Rakhi Making Week,16/8/2018,"SN.1st,SN.2nd,MT.1st,MT.2nd"
214,2018-19,(A) 1st-2nd - Rakhi Making Week,17/8/2018,"SN.1st,SN.2nd,MT.1st,MT.2nd"
215,2018-19,(A) 1st-2nd - Rakhi Making Week,18/8/2018,"SN.1st,SN.2nd,MT.1st,MT.2nd"
216,2018-19,(C) 3rd-5th - Pick-A-Chit Competition,18/8/2018,"SN.3rd,SN.4th,SN.5th,MT.3rd,MT.4th,MT.5th"
217,2018-19,11th-12th MT-3 - Biology/Computers/Phy. Edu.,20/8/2018,"SN.11th,SN.12th,MT.11th,MT.12th"
218,2018-19,11th-12th MT-3 - Business Study,20/8/2018,"SN.11th,SN.12th,MT.11th,MT.12th"
219,2018-19,(A) 1st-2nd - Rakhi Making Week,20/8/2018,"SN.1st,SN.2nd,MT.1st,MT.2nd"
220,2018-19,1st-8th MT-3 - Hindi,20/8/2018,"SN.1st,SN.2nd,SN.3rd,SN.4th,SN.5th,SN.6th,SN.7th,SN.8th,MT.1st,MT.2nd,MT.3rd,MT.4th,MT.5th,MT.6th,MT.7th,MT.8th"
221,2018-19,(A) 3rd-5th - Rakhi Making Week,20/8/2018,"SN.3rd,SN.4th,SN.5th,MT.3rd,MT.4th,MT.5th"
222,2018-19,9th-10th MT-3 - S.Science,20/8/2018,"SN.9th,SN.10th,MT.9th,MT.10th"
223,2018-19,(A) Nur-LKG - Rainbow Festival (BlueDay),20/8/2018,"SN.Pre-Nur,SN.Nur,SN.LKG,MT.Pre-Nur,MT.Nur,MT.LKG"
224,2018-19,(A) 1st-2nd - Rakhi Making Week,21/8/2018,"SN.1st,SN.2nd,MT.1st,MT.2nd"
225,2018-19,(A) 3rd-5th - Rakhi Making Week,21/8/2018,"SN.3rd,SN.4th,SN.5th,MT.3rd,MT.4th,MT.5th"
226,2018-19,(C) 6th-8th - Fancy Dress,21/8/2018,"SN.6th,SN.7th,SN.8th,MT.6th,MT.7th,MT.8th"
227,2018-19,(A) 1st-2nd - Rakhi Making Week,22/8/2018,"SN.1st,SN.2nd,MT.1st,MT.2nd"
228,2018-19,(A) 3rd-5th - Rakhi Making Week,22/8/2018,"SN.3rd,SN.4th,SN.5th,MT.3rd,MT.4th,MT.5th"
229,2018-19,(A) 3rd-5th - Rakhi Making Week,23/8/2018,"SN.3rd,SN.4th,SN.5th,MT.3rd,MT.4th,MT.5th"
230,2018-19,(C) 1st-2nd - Fancy Dress,24/8/2018,"SN.1st,SN.2nd,MT.1st,MT.2nd"
231,2018-19,(A) 3rd-5th - Rakhi Making Week,24/8/2018,"SN.3rd,SN.4th,SN.5th,MT.3rd,MT.4th,MT.5th"
232,2018-19,(A) 3rd-5th - Rakhi Making Week,25/8/2018,"SN.3rd,SN.4th,SN.5th,MT.3rd,MT.4th,MT.5th"
233,2018-19,(A) Pre-Prim - Rakhi Making,25/8/2018,"SN.Pre-Nur,SN.Nur,SN.LKG,SN.UKG,MT.Pre-Nur,MT.Nur,MT.LKG,MT.UKG"
234,2018-19,Holiday - Raksha Bandhan,26/8/2018,"SN.Pre-Nur,SN.Nur,SN.LKG,SN.UKG,SN.1st,SN.2nd,SN.3rd,SN.4th,SN.5th,SN.6th,SN.7th,SN.8th,SN.9th,SN.10th,SN.11th,SN.12th,MT.Pre-Nur,MT.Nur,MT.LKG,MT.UKG,MT.1st,MT.2nd,MT.3rd,MT.4th,MT.5th,MT.6th,MT.7th,MT.8th,MT.9th,MT.10th,MT.11th,MT.12th"
235,2018-19,11th-12th MT-4 - English,27/8/2018,"SN.11th,SN.12th,MT.11th,MT.12th"
236,2018-19,1st-8th MT-3 - Maths,27/8/2018,"SN.1st,SN.2nd,SN.3rd,SN.4th,SN.5th,SN.6th,SN.7th,SN.8th,MT.1st,MT.2nd,MT.3rd,MT.4th,MT.5th,MT.6th,MT.7th,MT.8th"
237,2018-19,(A) 3rd-5th - Card Making Week,27/8/2018,"SN.3rd,SN.4th,SN.5th,MT.3rd,MT.4th,MT.5th"
238,2018-19,9th-10th MT-4 - English,27/8/2018,"SN.9th,SN.10th,MT.9th,MT.10th"
239,2018-19,(C) 11th-12th - Debate (F),28/8/2018,"SN.11th,SN.12th,MT.11th,MT.12th"
240,2018-19,(A) 3rd-5th - Card Making Week,28/8/2018,"SN.3rd,SN.4th,SN.5th,MT.3rd,MT.4th,MT.5th"
241,2018-19,(A) 3rd-5th - Card Making Week,29/8/2018,"SN.3rd,SN.4th,SN.5th,MT.3rd,MT.4th,MT.5th"
242,2018-19,(C) 9th-10th - Debate (F),29/8/2018,"SN.9th,SN.10th,MT.9th,MT.10th"
243,2018-19,(A) 3rd-5th - Card Making Week,30/8/2018,"SN.3rd,SN.4th,SN.5th,MT.3rd,MT.4th,MT.5th"
244,2018-19,(A) 3rd-5th - Card Making Week,31/8/2018,"SN.3rd,SN.4th,SN.5th,MT.3rd,MT.4th,MT.5th"
245,2018-19,Special Assembly - Janmashtmi,31/8/2018,"SN.Pre-Nur,SN.Nur,SN.LKG,SN.UKG,SN.1st,SN.2nd,SN.3rd,SN.4th,SN.5th,SN.6th,SN.7th,SN.8th,SN.9th,SN.10th,SN.11th,SN.12th,MT.Pre-Nur,MT.Nur,MT.LKG,MT.UKG,MT.1st,MT.2nd,MT.3rd,MT.4th,MT.5th,MT.6th,MT.7th,MT.8th,MT.9th,MT.10th,MT.11th,MT.12th"
246,2018-19,PTM-2 for all classes,1/9/2018,"SN.Pre-Nur,SN.Nur,SN.LKG,SN.UKG,SN.1st,SN.2nd,SN.3rd,SN.4th,SN.5th,SN.6th,SN.7th,SN.8th,SN.9th,SN.10th,SN.11th,SN.12th,MT.Pre-Nur,MT.Nur,MT.LKG,MT.UKG,MT.1st,MT.2nd,MT.3rd,MT.4th,MT.5th,MT.6th,MT.7th,MT.8th,MT.9th,MT.10th,MT.11th,MT.12th"
247,2018-19,Holiday - Janmashtmi,2/9/2018,"SN.Pre-Nur,SN.Nur,SN.LKG,SN.UKG,SN.1st,SN.2nd,SN.3rd,SN.4th,SN.5th,SN.6th,SN.7th,SN.8th,SN.9th,SN.10th,SN.11th,SN.12th,MT.Pre-Nur,MT.Nur,MT.LKG,MT.UKG,MT.1st,MT.2nd,MT.3rd,MT.4th,MT.5th,MT.6th,MT.7th,MT.8th,MT.9th,MT.10th,MT.11th,MT.12th"
248,2018-19,11th-12th MT-4 - Economics,3/9/2018,"SN.11th,SN.12th,MT.11th,MT.12th"
249,2018-19,11th-12th MT-4 - Physics,3/9/2018,"SN.11th,SN.12th,MT.11th,MT.12th"
250,2018-19,1st-8th MT-3 - Science,3/9/2018,"SN.1st,SN.2nd,SN.3rd,SN.4th,SN.5th,SN.6th,SN.7th,SN.8th,MT.1st,MT.2nd,MT.3rd,MT.4th,MT.5th,MT.6th,MT.7th,MT.8th"
251,2018-19,9th-10th MT-4 - Hindi,3/9/2018,"SN.9th,SN.10th,MT.9th,MT.10th"
252,2018-19,Special Assembly - Teachers Day,5/9/2018,"SN.Pre-Nur,SN.Nur,SN.LKG,SN.UKG,SN.1st,SN.2nd,SN.3rd,SN.4th,SN.5th,SN.6th,SN.7th,SN.8th,SN.9th,SN.10th,SN.11th,SN.12th,MT.Pre-Nur,MT.Nur,MT.LKG,MT.UKG,MT.1st,MT.2nd,MT.3rd,MT.4th,MT.5th,MT.6th,MT.7th,MT.8th,MT.9th,MT.10th,MT.11th,MT.12th"
253,2018-19,(C) 1st-2nd - Classification Race,6/9/2018,"SN.1st,SN.2nd,MT.1st,MT.2nd"
254,2018-19,2nd Saturday Off,8/9/2018,"SN.Pre-Nur,SN.Nur,SN.LKG,SN.UKG,SN.1st,SN.2nd,SN.3rd,SN.4th,SN.5th,SN.6th,SN.7th,SN.8th,SN.9th,SN.10th,SN.11th,SN.12th,MT.Pre-Nur,MT.Nur,MT.LKG,MT.UKG,MT.1st,MT.2nd,MT.3rd,MT.4th,MT.5th,MT.6th,MT.7th,MT.8th,MT.9th,MT.10th,MT.11th,MT.12th"
255,2018-19,(C) 11th-12th - TT Tournament (P),10/9/2018,"SN.11th,SN.12th,MT.11th,MT.12th"
256,2018-19,11th-12th MT-4 - Accounts,10/9/2018,"SN.11th,SN.12th,MT.11th,MT.12th"
257,2018-19,11th-12th MT-4 - Chemistry,10/9/2018,"SN.11th,SN.12th,MT.11th,MT.12th"
258,2018-19,1st-8th MT-3 - S.Science,10/9/2018,"SN.1st,SN.2nd,SN.3rd,SN.4th,SN.5th,SN.6th,SN.7th,SN.8th,MT.1st,MT.2nd,MT.3rd,MT.4th,MT.5th,MT.6th,MT.7th,MT.8th"
259,2018-19,(C) 6th-8th - TT Tournament (P),10/9/2018,"SN.6th,SN.7th,SN.8th,MT.6th,MT.7th,MT.8th"
260,2018-19,(C) 9th-10th - TT Tournament (P),10/9/2018,"SN.9th,SN.10th,MT.9th,MT.10th"
261,2018-19,9th-10th MT-4 - Maths,10/9/2018,"SN.9th,SN.10th,MT.9th,MT.10th"
262,2018-19,(A) Nur-LKG - Rainbow Festival (White Day),10/9/2018,"SN.Pre-Nur,SN.Nur,SN.LKG,MT.Pre-Nur,MT.Nur,MT.LKG"
263,2018-19,(A) Pre-Prim - Learn To Play Cricket,10/9/2018,"SN.Pre-Nur,SN.Nur,SN.LKG,SN.UKG,MT.Pre-Nur,MT.Nur,MT.LKG,MT.UKG"
264,2018-19,(C) 11th-12th - TT Tournament (P),11/9/2018,"SN.11th,SN.12th,MT.11th,MT.12th"
265,2018-19,(C) 6th-8th - TT Tournament (P),11/9/2018,"SN.6th,SN.7th,SN.8th,MT.6th,MT.7th,MT.8th"
266,2018-19,(C) 9th-10th - TT Tournament (P),11/9/2018,"SN.9th,SN.10th,MT.9th,MT.10th"
267,2018-19,(C) 11th-12th - TT Tournament (P),12/9/2018,"SN.11th,SN.12th,MT.11th,MT.12th"
268,2018-19,(C) 6th-8th - TT Tournament (P),12/9/2018,"SN.6th,SN.7th,SN.8th,MT.6th,MT.7th,MT.8th"
269,2018-19,(C) 9th-10th - TT Tournament (P),12/9/2018,"SN.9th,SN.10th,MT.9th,MT.10th"
270,2018-19,(C) 11th-12th - TT Tournament (P),13/9/2018,"SN.11th,SN.12th,MT.11th,MT.12th"
271,2018-19,(C) 6th-8th - TT Tournament (P),13/9/2018,"SN.6th,SN.7th,SN.8th,MT.6th,MT.7th,MT.8th"
272,2018-19,(C) 9th-10th - TT Tournament (P),13/9/2018,"SN.9th,SN.10th,MT.9th,MT.10th"
273,2018-19,(C) 11th-12th - TT Tournament (P),14/9/2018,"SN.11th,SN.12th,MT.11th,MT.12th"
274,2018-19,(C) 6th-8th - TT Tournament (P),14/9/2018,"SN.6th,SN.7th,SN.8th,MT.6th,MT.7th,MT.8th"
275,2018-19,(C) 9th-10th - TT Tournament (P),14/9/2018,"SN.9th,SN.10th,MT.9th,MT.10th"
276,2018-19,(C) Pre-Prim - Self Introduction Competition,14/9/2018,"SN.Pre-Nur,SN.Nur,SN.LKG,SN.UKG,MT.Pre-Nur,MT.Nur,MT.LKG,MT.UKG"
277,2018-19,(C) 11th-12th - TT Tournament (P),15/9/2018,"SN.11th,SN.12th,MT.11th,MT.12th"
278,2018-19,(C) 6th-8th - TT Tournament (P),15/9/2018,"SN.6th,SN.7th,SN.8th,MT.6th,MT.7th,MT.8th"
279,2018-19,(C) 9th-10th - TT Tournament (P),15/9/2018,"SN.9th,SN.10th,MT.9th,MT.10th"
280,2018-19,11th-12th MT-4 - Mathematics/Phy. Edu.,17/9/2018,"SN.11th,SN.12th,MT.11th,MT.12th"
281,2018-19,1st-2nd - GK Quiz (P),17/9/2018,"SN.1st,SN.2nd,MT.1st,MT.2nd"
282,2018-19,3rd-5th - GK Quiz (P),17/9/2018,"SN.3rd,SN.4th,SN.5th,MT.3rd,MT.4th,MT.5th"
283,2018-19,(C) 6th-8th - GK Quiz (P),17/9/2018,"SN.6th,SN.7th,SN.8th,MT.6th,MT.7th,MT.8th"
284,2018-19,9th-10th MT-4 - Science,17/9/2018,"SN.9th,SN.10th,MT.9th,MT.10th"
285,2018-19,(C) 11th-12th - TT Tournament (F),19/9/2018,"SN.11th,SN.12th,MT.11th,MT.12th"
286,2018-19,(C) 6th-8th - TT Tournament (F),19/9/2018,"SN.6th,SN.7th,SN.8th,MT.6th,MT.7th,MT.8th"
287,2018-19,(C) 9th-10th - TT Tournament (F),19/9/2018,"SN.9th,SN.10th,MT.9th,MT.10th"
288,2018-19,(C) Pre-Prim - Fancy Dress,21/9/2018,"SN.Pre-Nur,SN.Nur,SN.LKG,SN.UKG,MT.Pre-Nur,MT.Nur,MT.LKG,MT.UKG"
289,2018-19,11th-12th MT-4 - Biology/Computers/Phy. Edu.,24/9/2018,"SN.11th,SN.12th,MT.11th,MT.12th"
290,2018-19,11th-12th MT-4 - Business Study,24/9/2018,"SN.11th,SN.12th,MT.11th,MT.12th"
291,2018-19,1st-8th Mid Term-1,24/9/2018,"SN.1st,SN.2nd,SN.3rd,SN.4th,SN.5th,SN.6th,SN.7th,SN.8th,MT.1st,MT.2nd,MT.3rd,MT.4th,MT.5th,MT.6th,MT.7th,MT.8th"
292,2018-19,9th-10th MT-4 - S.Science,24/9/2018,"SN.9th,SN.10th,MT.9th,MT.10th"
293,2018-19,1st-8th Mid Term-1,26/9/2018,"SN.1st,SN.2nd,SN.3rd,SN.4th,SN.5th,SN.6th,SN.7th,SN.8th,MT.1st,MT.2nd,MT.3rd,MT.4th,MT.5th,MT.6th,MT.7th,MT.8th"
294,2018-19,11th-12th - GK Quiz (P),28/9/2018,"SN.11th,SN.12th,MT.11th,MT.12th"
295,2018-19,1st-8th Mid Term-1,28/9/2018,"SN.1st,SN.2nd,SN.3rd,SN.4th,SN.5th,SN.6th,SN.7th,SN.8th,MT.1st,MT.2nd,MT.3rd,MT.4th,MT.5th,MT.6th,MT.7th,MT.8th"
296,2018-19,1st-8th Mid Term-1,29/9/2018,"SN.1st,SN.2nd,SN.3rd,SN.4th,SN.5th,SN.6th,SN.7th,SN.8th,MT.1st,MT.2nd,MT.3rd,MT.4th,MT.5th,MT.6th,MT.7th,MT.8th"
297,2018-19,(C) 9th-10th - GK Quiz (P),29/9/2018,"SN.9th,SN.10th,MT.9th,MT.10th"
298,2018-19,1st-8th Mid Term-1,1/10/2018,"SN.1st,SN.2nd,SN.3rd,SN.4th,SN.5th,SN.6th,SN.7th,SN.8th,MT.1st,MT.2nd,MT.3rd,MT.4th,MT.5th,MT.6th,MT.7th,MT.8th"
299,2018-19,Holiday - Gandhi Jayanti,2/10/2018,"SN.Pre-Nur,SN.Nur,SN.LKG,SN.UKG,SN.1st,SN.2nd,SN.3rd,SN.4th,SN.5th,SN.6th,SN.7th,SN.8th,SN.9th,SN.10th,SN.11th,SN.12th,MT.Pre-Nur,MT.Nur,MT.LKG,MT.UKG,MT.1st,MT.2nd,MT.3rd,MT.4th,MT.5th,MT.6th,MT.7th,MT.8th,MT.9th,MT.10th,MT.11th,MT.12th"
300,2018-19,1st-8th Mid Term-1,3/10/2018,"SN.1st,SN.2nd,SN.3rd,SN.4th,SN.5th,SN.6th,SN.7th,SN.8th,MT.1st,MT.2nd,MT.3rd,MT.4th,MT.5th,MT.6th,MT.7th,MT.8th"
301,2018-19,1st-8th Mid Term-1,5/10/2018,"SN.1st,SN.2nd,SN.3rd,SN.4th,SN.5th,SN.6th,SN.7th,SN.8th,MT.1st,MT.2nd,MT.3rd,MT.4th,MT.5th,MT.6th,MT.7th,MT.8th"
302,2018-19,1st-8th Mid Term-1,6/10/2018,"SN.1st,SN.2nd,SN.3rd,SN.4th,SN.5th,SN.6th,SN.7th,SN.8th,MT.1st,MT.2nd,MT.3rd,MT.4th,MT.5th,MT.6th,MT.7th,MT.8th"
303,2018-19,(C) 3rd-5th - Concept Race Maths,8/10/2018,"SN.3rd,SN.4th,SN.5th,MT.3rd,MT.4th,MT.5th"
304,2018-19,9th-12th Mid Term-2,8/10/2018,"SN.9th,SN.10th,SN.11th,SN.12th,MT.9th,MT.10th,MT.11th,MT.12th"
305,2018-19,(C) 1st-2nd - Hindi Reading,9/10/2018,"SN.1st,SN.2nd,MT.1st,MT.2nd"
306,2018-19,(A) 3rd-5th - Cross Word Puzzle - States & Capitals,10/10/2018,"SN.3rd,SN.4th,SN.5th,MT.3rd,MT.4th,MT.5th"
307,2018-19,9th-12th Mid Term-2,10/10/2018,"SN.9th,SN.10th,SN.11th,SN.12th,MT.9th,MT.10th,MT.11th,MT.12th"
308,2018-19,(A) 1st-2nd - Word Chain,12/10/2018,"SN.1st,SN.2nd,MT.1st,MT.2nd"
309,2018-19,9th-12th Mid Term-2,12/10/2018,"SN.9th,SN.10th,SN.11th,SN.12th,MT.9th,MT.10th,MT.11th,MT.12th"
310,2018-19,(C) Pre-Prim - Beading Race,12/10/2018,"SN.Pre-Nur,SN.Nur,SN.LKG,SN.UKG,MT.Pre-Nur,MT.Nur,MT.LKG,MT.UKG"
311,2018-19,9th-12th Mid Term-2,13/10/2018,"SN.9th,SN.10th,SN.11th,SN.12th,MT.9th,MT.10th,MT.11th,MT.12th"
312,2018-19,2nd Saturday Off,13/10/2018,"SN.Pre-Nur,SN.Nur,SN.LKG,SN.UKG,SN.1st,SN.2nd,SN.3rd,SN.4th,SN.5th,SN.6th,SN.7th,SN.8th,SN.9th,SN.10th,SN.11th,SN.12th,MT.Pre-Nur,MT.Nur,MT.LKG,MT.UKG,MT.1st,MT.2nd,MT.3rd,MT.4th,MT.5th,MT.6th,MT.7th,MT.8th,MT.9th,MT.10th,MT.11th,MT.12th"
313,2018-19,1st-8th MT-4 - English,15/10/2018,"SN.1st,SN.2nd,SN.3rd,SN.4th,SN.5th,SN.6th,SN.7th,SN.8th,MT.1st,MT.2nd,MT.3rd,MT.4th,MT.5th,MT.6th,MT.7th,MT.8th"
314,2018-19,9th-12th Mid Term-2,15/10/2018,"SN.9th,SN.10th,SN.11th,SN.12th,MT.9th,MT.10th,MT.11th,MT.12th"
315,2018-19,(A) Nur-LKG - Rainbow Festival (Orange Day),15/10/2018,"SN.Pre-Nur,SN.Nur,SN.LKG,MT.Pre-Nur,MT.Nur,MT.LKG"
316,2018-19,9th-12th Mid Term-2,17/10/2018,"SN.9th,SN.10th,SN.11th,SN.12th,MT.9th,MT.10th,MT.11th,MT.12th"
317,2018-19,Special Assembly - Dussehra,17/10/2018,"SN.Pre-Nur,SN.Nur,SN.LKG,SN.UKG,SN.1st,SN.2nd,SN.3rd,SN.4th,SN.5th,SN.6th,SN.7th,SN.8th,SN.9th,SN.10th,SN.11th,SN.12th,MT.Pre-Nur,MT.Nur,MT.LKG,MT.UKG,MT.1st,MT.2nd,MT.3rd,MT.4th,MT.5th,MT.6th,MT.7th,MT.8th,MT.9th,MT.10th,MT.11th,MT.12th"
318,2018-19,Holiday - Dussehra,18/10/2018,"SN.Pre-Nur,SN.Nur,SN.LKG,SN.UKG,SN.1st,SN.2nd,SN.3rd,SN.4th,SN.5th,SN.6th,SN.7th,SN.8th,SN.9th,SN.10th,SN.11th,SN.12th,MT.Pre-Nur,MT.Nur,MT.LKG,MT.UKG,MT.1st,MT.2nd,MT.3rd,MT.4th,MT.5th,MT.6th,MT.7th,MT.8th,MT.9th,MT.10th,MT.11th,MT.12th"
319,2018-19,Holiday - Dussehra,19/10/2018,"SN.Pre-Nur,SN.Nur,SN.LKG,SN.UKG,SN.1st,SN.2nd,SN.3rd,SN.4th,SN.5th,SN.6th,SN.7th,SN.8th,SN.9th,SN.10th,SN.11th,SN.12th,MT.Pre-Nur,MT.Nur,MT.LKG,MT.UKG,MT.1st,MT.2nd,MT.3rd,MT.4th,MT.5th,MT.6th,MT.7th,MT.8th,MT.9th,MT.10th,MT.11th,MT.12th"
320,2018-19,PTM Saturday Off,20/10/2018,"SN.Pre-Nur,SN.Nur,SN.LKG,SN.UKG,SN.1st,SN.2nd,SN.3rd,SN.4th,SN.5th,SN.6th,SN.7th,SN.8th,SN.9th,SN.10th,SN.11th,SN.12th,MT.Pre-Nur,MT.Nur,MT.LKG,MT.UKG,MT.1st,MT.2nd,MT.3rd,MT.4th,MT.5th,MT.6th,MT.7th,MT.8th,MT.9th,MT.10th,MT.11th,MT.12th"
321,2018-19,PTM-3 for all classes,21/10/2018,"SN.Pre-Nur,SN.Nur,SN.LKG,SN.UKG,SN.1st,SN.2nd,SN.3rd,SN.4th,SN.5th,SN.6th,SN.7th,SN.8th,SN.9th,SN.10th,SN.11th,SN.12th,MT.Pre-Nur,MT.Nur,MT.LKG,MT.UKG,MT.1st,MT.2nd,MT.3rd,MT.4th,MT.5th,MT.6th,MT.7th,MT.8th,MT.9th,MT.10th,MT.11th,MT.12th"
322,2018-19,11th-12th - GK Quiz (F),22/10/2018,"SN.11th,SN.12th,MT.11th,MT.12th"
323,2018-19,1st-8th MT-4 - Hindi,22/10/2018,"SN.1st,SN.2nd,SN.3rd,SN.4th,SN.5th,SN.6th,SN.7th,SN.8th,MT.1st,MT.2nd,MT.3rd,MT.4th,MT.5th,MT.6th,MT.7th,MT.8th"
324,2018-19,(C) 9th-10th - PPT / Webpage,23/10/2018,"SN.9th,SN.10th,MT.9th,MT.10th"
325,2018-19,(C) Pre-Prim - English Rhyme,23/10/2018,"SN.Pre-Nur,SN.Nur,SN.LKG,SN.UKG,MT.Pre-Nur,MT.Nur,MT.LKG,MT.UKG"
326,2018-19,(C) 6th-8th - PPT Making,24/10/2018,"SN.6th,SN.7th,SN.8th,MT.6th,MT.7th,MT.8th"
327,2018-19,(C) 3rd-5th - MS Paint & PPT,26/10/2018,"SN.3rd,SN.4th,SN.5th,MT.3rd,MT.4th,MT.5th"
328,2018-19,Holiday - Karwa Chauth,27/10/2018,"SN.Pre-Nur,SN.Nur,SN.LKG,SN.UKG,SN.1st,SN.2nd,SN.3rd,SN.4th,SN.5th,SN.6th,SN.7th,SN.8th,SN.9th,SN.10th,SN.11th,SN.12th,MT.Pre-Nur,MT.Nur,MT.LKG,MT.UKG,MT.1st,MT.2nd,MT.3rd,MT.4th,MT.5th,MT.6th,MT.7th,MT.8th,MT.9th,MT.10th,MT.11th,MT.12th"
329,2018-19,Holiday - Karwa Chauth,28/10/2018,"SN.Pre-Nur,SN.Nur,SN.LKG,SN.UKG,SN.1st,SN.2nd,SN.3rd,SN.4th,SN.5th,SN.6th,SN.7th,SN.8th,SN.9th,SN.10th,SN.11th,SN.12th,MT.Pre-Nur,MT.Nur,MT.LKG,MT.UKG,MT.1st,MT.2nd,MT.3rd,MT.4th,MT.5th,MT.6th,MT.7th,MT.8th,MT.9th,MT.10th,MT.11th,MT.12th"
330,2018-19,11th-12th MT-5 - English,29/10/2018,"SN.11th,SN.12th,MT.11th,MT.12th"
331,2018-19,1st-8th MT-4 - Maths,29/10/2018,"SN.1st,SN.2nd,SN.3rd,SN.4th,SN.5th,SN.6th,SN.7th,SN.8th,MT.1st,MT.2nd,MT.3rd,MT.4th,MT.5th,MT.6th,MT.7th,MT.8th"
332,2018-19,9th-10th MT-5 - English,29/10/2018,"SN.9th,SN.10th,MT.9th,MT.10th"
333,2018-19,(A) Pre-Prim - Learning Basic Etiquettes,30/10/2018,"SN.Pre-Nur,SN.Nur,SN.LKG,SN.UKG,MT.Pre-Nur,MT.Nur,MT.LKG,MT.UKG"
334,2018-19,Holiday - Haryana Day,1/11/2018,"SN.Pre-Nur,SN.Nur,SN.LKG,SN.UKG,SN.1st,SN.2nd,SN.3rd,SN.4th,SN.5th,SN.6th,SN.7th,SN.8th,SN.9th,SN.10th,SN.11th,SN.12th,MT.Pre-Nur,MT.Nur,MT.LKG,MT.UKG,MT.1st,MT.2nd,MT.3rd,MT.4th,MT.5th,MT.6th,MT.7th,MT.8th,MT.9th,MT.10th,MT.11th,MT.12th"
335,2018-19,(C) 1st-2nd - English Reading,2/11/2018,"SN.1st,SN.2nd,MT.1st,MT.2nd"
336,2018-19,(C) Pre-Prim - Coloring Competition,2/11/2018,"SN.Pre-Nur,SN.Nur,SN.LKG,SN.UKG,MT.Pre-Nur,MT.Nur,MT.LKG,MT.UKG"
337,2018-19,1st-8th MT-4 - Science,3/11/2018,"SN.1st,SN.2nd,SN.3rd,SN.4th,SN.5th,SN.6th,SN.7th,SN.8th,MT.1st,MT.2nd,MT.3rd,MT.4th,MT.5th,MT.6th,MT.7th,MT.8th"
338,2018-19,11th-12th MT-5 - Economics,5/11/2018,"SN.11th,SN.12th,MT.11th,MT.12th"
339,2018-19,11th-12th MT-5 - Physics,5/11/2018,"SN.11th,SN.12th,MT.11th,MT.12th"
340,2018-19,9th-10th MT-5 - Hindi,5/11/2018,"SN.9th,SN.10th,MT.9th,MT.10th"
341,2018-19,Special Assembly - Diwali,5/11/2018,"SN.Pre-Nur,SN.Nur,SN.LKG,SN.UKG,SN.1st,SN.2nd,SN.3rd,SN.4th,SN.5th,SN.6th,SN.7th,SN.8th,SN.9th,SN.10th,SN.11th,SN.12th,MT.Pre-Nur,MT.Nur,MT.LKG,MT.UKG,MT.1st,MT.2nd,MT.3rd,MT.4th,MT.5th,MT.6th,MT.7th,MT.8th,MT.9th,MT.10th,MT.11th,MT.12th"
342,2018-19,Holiday - Diwali,6/11/2018,"SN.Pre-Nur,SN.Nur,SN.LKG,SN.UKG,SN.1st,SN.2nd,SN.3rd,SN.4th,SN.5th,SN.6th,SN.7th,SN.8th,SN.9th,SN.10th,SN.11th,SN.12th,MT.Pre-Nur,MT.Nur,MT.LKG,MT.UKG,MT.1st,MT.2nd,MT.3rd,MT.4th,MT.5th,MT.6th,MT.7th,MT.8th,MT.9th,MT.10th,MT.11th,MT.12th"
343,2018-19,Holiday - Diwali,7/11/2018,"SN.Pre-Nur,SN.Nur,SN.LKG,SN.UKG,SN.1st,SN.2nd,SN.3rd,SN.4th,SN.5th,SN.6th,SN.7th,SN.8th,SN.9th,SN.10th,SN.11th,SN.12th,MT.Pre-Nur,MT.Nur,MT.LKG,MT.UKG,MT.1st,MT.2nd,MT.3rd,MT.4th,MT.5th,MT.6th,MT.7th,MT.8th,MT.9th,MT.10th,MT.11th,MT.12th"
344,2018-19,Holiday - Diwali,8/11/2018,"SN.Pre-Nur,SN.Nur,SN.LKG,SN.UKG,SN.1st,SN.2nd,SN.3rd,SN.4th,SN.5th,SN.6th,SN.7th,SN.8th,SN.9th,SN.10th,SN.11th,SN.12th,MT.Pre-Nur,MT.Nur,MT.LKG,MT.UKG,MT.1st,MT.2nd,MT.3rd,MT.4th,MT.5th,MT.6th,MT.7th,MT.8th,MT.9th,MT.10th,MT.11th,MT.12th"
345,2018-19,Holiday - Diwali,9/11/2018,"SN.Pre-Nur,SN.Nur,SN.LKG,SN.UKG,SN.1st,SN.2nd,SN.3rd,SN.4th,SN.5th,SN.6th,SN.7th,SN.8th,SN.9th,SN.10th,SN.11th,SN.12th,MT.Pre-Nur,MT.Nur,MT.LKG,MT.UKG,MT.1st,MT.2nd,MT.3rd,MT.4th,MT.5th,MT.6th,MT.7th,MT.8th,MT.9th,MT.10th,MT.11th,MT.12th"
346,2018-19,2nd Saturday Off,10/11/2018,"SN.Pre-Nur,SN.Nur,SN.LKG,SN.UKG,SN.1st,SN.2nd,SN.3rd,SN.4th,SN.5th,SN.6th,SN.7th,SN.8th,SN.9th,SN.10th,SN.11th,SN.12th,MT.Pre-Nur,MT.Nur,MT.LKG,MT.UKG,MT.1st,MT.2nd,MT.3rd,MT.4th,MT.5th,MT.6th,MT.7th,MT.8th,MT.9th,MT.10th,MT.11th,MT.12th"
347,2018-19,11th-12th MT-5 - Accounts,12/11/2018,"SN.11th,SN.12th,MT.11th,MT.12th"
348,2018-19,11th-12th MT-5 - Chemistry,12/11/2018,"SN.11th,SN.12th,MT.11th,MT.12th"
349,2018-19,1st-8th MT-4 - S.Science,12/11/2018,"SN.1st,SN.2nd,SN.3rd,SN.4th,SN.5th,SN.6th,SN.7th,SN.8th,MT.1st,MT.2nd,MT.3rd,MT.4th,MT.5th,MT.6th,MT.7th,MT.8th"
350,2018-19,9th-10th MT-5 - Maths,12/11/2018,"SN.9th,SN.10th,MT.9th,MT.10th"
351,2018-19,(A) 1st-2nd - How To Welcome Guest,13/11/2018,"SN.1st,SN.2nd,MT.1st,MT.2nd"
352,2018-19,Special Assembly - Children's Day,14/11/2018,"SN.Pre-Nur,SN.Nur,SN.LKG,SN.UKG,SN.1st,SN.2nd,SN.3rd,SN.4th,SN.5th,SN.6th,SN.7th,SN.8th,SN.9th,SN.10th,SN.11th,SN.12th,MT.Pre-Nur,MT.Nur,MT.LKG,MT.UKG,MT.1st,MT.2nd,MT.3rd,MT.4th,MT.5th,MT.6th,MT.7th,MT.8th,MT.9th,MT.10th,MT.11th,MT.12th"
353,2018-19,(A) 3rd-5th - Earthquake Drill,16/11/2018,"SN.3rd,SN.4th,SN.5th,MT.3rd,MT.4th,MT.5th"
354,2018-19,(C) 1st-2nd - GK Quiz (F),17/11/2018,"SN.1st,SN.2nd,MT.1st,MT.2nd"
355,2018-19,11th-12th MT-5 - Mathematics/Phy. Edu.,19/11/2018,"SN.11th,SN.12th,MT.11th,MT.12th"
356,2018-19,1st-8th MT-5 - English,19/11/2018,"SN.1st,SN.2nd,SN.3rd,SN.4th,SN.5th,SN.6th,SN.7th,SN.8th,MT.1st,MT.2nd,MT.3rd,MT.4th,MT.5th,MT.6th,MT.7th,MT.8th"
357,2018-19,9th-10th MT-5 - Science,19/11/2018,"SN.9th,SN.10th,MT.9th,MT.10th"
358,2018-19,(A) Nur-LKG - Rainbow Festival (Brown Day),19/11/2018,"SN.Pre-Nur,SN.Nur,SN.LKG,MT.Pre-Nur,MT.Nur,MT.LKG"
359,2018-19,(C) 3rd-5th - Science Exhibition,20/11/2018,"SN.3rd,SN.4th,SN.5th,MT.3rd,MT.4th,MT.5th"
360,2018-19,(C) 6th-8th - Science Exhibition,21/11/2018,"SN.6th,SN.7th,SN.8th,MT.6th,MT.7th,MT.8th"
361,2018-19,(C) 11th-12th - Science Exhibition,22/11/2018,"SN.11th,SN.12th,MT.11th,MT.12th"
362,2018-19,(C) Pre-Prim - Cycle Race,22/11/2018,"SN.Pre-Nur,SN.Nur,SN.LKG,SN.UKG,MT.Pre-Nur,MT.Nur,MT.LKG,MT.UKG"
363,2018-19,Holiday - Gurunanak Jayanti,23/11/2018,"SN.Pre-Nur,SN.Nur,SN.LKG,SN.UKG,SN.1st,SN.2nd,SN.3rd,SN.4th,SN.5th,SN.6th,SN.7th,SN.8th,SN.9th,SN.10th,SN.11th,SN.12th,MT.Pre-Nur,MT.Nur,MT.LKG,MT.UKG,MT.1st,MT.2nd,MT.3rd,MT.4th,MT.5th,MT.6th,MT.7th,MT.8th,MT.9th,MT.10th,MT.11th,MT.12th"
364,2018-19,(C) 9th-10th - Science Exhibition,24/11/2018,"SN.9th,SN.10th,MT.9th,MT.10th"
365,2018-19,11th-12th MT-5 - Biology/Computers/Phy. Edu.,26/11/2018,"SN.11th,SN.12th,MT.11th,MT.12th"
366,2018-19,11th-12th MT-5 - Business Study,26/11/2018,"SN.11th,SN.12th,MT.11th,MT.12th"
367,2018-19,1st-8th MT-5 - Hindi,26/11/2018,"SN.1st,SN.2nd,SN.3rd,SN.4th,SN.5th,SN.6th,SN.7th,SN.8th,MT.1st,MT.2nd,MT.3rd,MT.4th,MT.5th,MT.6th,MT.7th,MT.8th"
368,2018-19,9th-10th MT-5 - S.Science,26/11/2018,"SN.9th,SN.10th,MT.9th,MT.10th"
369,2018-19,(C) 1st-2nd - Lemon Race,27/11/2018,"SN.1st,SN.2nd,MT.1st,MT.2nd"
370,2018-19,(C) 3rd-5th - Dancing Competition (P),28/11/2018,"SN.3rd,SN.4th,SN.5th,MT.3rd,MT.4th,MT.5th"
371,2018-19,(A) Pre-Prim - Counselling on Bad Touch & Good Touch,29/11/2018,"SN.Pre-Nur,SN.Nur,SN.LKG,SN.UKG,MT.Pre-Nur,MT.Nur,MT.LKG,MT.UKG"
372,2018-19,(C) 6th-8th - Dancing Competition (P),30/11/2018,"SN.6th,SN.7th,SN.8th,MT.6th,MT.7th,MT.8th"
373,2018-19,1st-8th MT-5 - Maths,3/12/2018,"SN.1st,SN.2nd,SN.3rd,SN.4th,SN.5th,SN.6th,SN.7th,SN.8th,MT.1st,MT.2nd,MT.3rd,MT.4th,MT.5th,MT.6th,MT.7th,MT.8th"
374,2018-19,(C) 1st-2nd - Story Telling,4/12/2018,"SN.1st,SN.2nd,MT.1st,MT.2nd"
375,2018-19,(C) 3rd-5th - GK Quiz (F),5/12/2018,"SN.3rd,SN.4th,SN.5th,MT.3rd,MT.4th,MT.5th"
376,2018-19,(C) 6th-8th - GK Quiz (F),6/12/2018,"SN.6th,SN.7th,SN.8th,MT.6th,MT.7th,MT.8th"
377,2018-19,(C) 9th-10th - GK Quiz (F),7/12/2018,"SN.9th,SN.10th,MT.9th,MT.10th"
378,2018-19,2nd Saturday Off,8/12/2018,"SN.Pre-Nur,SN.Nur,SN.LKG,SN.UKG,SN.1st,SN.2nd,SN.3rd,SN.4th,SN.5th,SN.6th,SN.7th,SN.8th,SN.9th,SN.10th,SN.11th,SN.12th,MT.Pre-Nur,MT.Nur,MT.LKG,MT.UKG,MT.1st,MT.2nd,MT.3rd,MT.4th,MT.5th,MT.6th,MT.7th,MT.8th,MT.9th,MT.10th,MT.11th,MT.12th"
379,2018-19,PTM-4 for all classes,9/12/2018,"SN.Pre-Nur,SN.Nur,SN.LKG,SN.UKG,SN.1st,SN.2nd,SN.3rd,SN.4th,SN.5th,SN.6th,SN.7th,SN.8th,SN.9th,SN.10th,SN.11th,SN.12th,MT.Pre-Nur,MT.Nur,MT.LKG,MT.UKG,MT.1st,MT.2nd,MT.3rd,MT.4th,MT.5th,MT.6th,MT.7th,MT.8th,MT.9th,MT.10th,MT.11th,MT.12th"
380,2018-19,1st-8th MT-5 - Science,10/12/2018,"SN.1st,SN.2nd,SN.3rd,SN.4th,SN.5th,SN.6th,SN.7th,SN.8th,MT.1st,MT.2nd,MT.3rd,MT.4th,MT.5th,MT.6th,MT.7th,MT.8th"
381,2018-19,(A) 1st-2nd - Spell Bee,12/12/2018,"SN.1st,SN.2nd,MT.1st,MT.2nd"
382,2018-19,(C) 3rd-5th - Dancing Competition (F),13/12/2018,"SN.3rd,SN.4th,SN.5th,MT.3rd,MT.4th,MT.5th"
383,2018-19,(C) 6th-8th - Dancing Competition (F),14/12/2018,"SN.6th,SN.7th,SN.8th,MT.6th,MT.7th,MT.8th"
384,2018-19,1st-8th MT-5 - S.Science,17/12/2018,"SN.1st,SN.2nd,SN.3rd,SN.4th,SN.5th,SN.6th,SN.7th,SN.8th,MT.1st,MT.2nd,MT.3rd,MT.4th,MT.5th,MT.6th,MT.7th,MT.8th"
385,2018-19,(A) Nur-LKG - Rainbow Festival (Pink Day),17/12/2018,"SN.Pre-Nur,SN.Nur,SN.LKG,MT.Pre-Nur,MT.Nur,MT.LKG"
386,2018-19,(C) Pre-Prim - Balloon Bursting Race,17/12/2018,"SN.Pre-Nur,SN.Nur,SN.LKG,SN.UKG,MT.Pre-Nur,MT.Nur,MT.LKG,MT.UKG"
387,2018-19,(C) 6th-8th - Sports Meet,18/12/2018,"SN.6th,SN.7th,SN.8th,MT.6th,MT.7th,MT.8th"
388,2018-19,(C) 1st-2nd - Cross The Circle Race,19/12/2018,"SN.1st,SN.2nd,MT.1st,MT.2nd"
389,2018-19,(C) 3rd-5th - Sports Meet,20/12/2018,"SN.3rd,SN.4th,SN.5th,MT.3rd,MT.4th,MT.5th"
390,2018-19,(C) 11th-12th - Sports Meet,21/12/2018,"SN.11th,SN.12th,MT.11th,MT.12th"
391,2018-19,(C) 9th-10th - Sports Meet,21/12/2018,"SN.9th,SN.10th,MT.9th,MT.10th"
392,2018-19,(A) 11th-12th - Farewell,22/12/2018,"SN.11th,SN.12th,MT.11th,MT.12th"
393,2018-19,(A) 1st-2nd - Big Brunch Party,22/12/2018,"SN.1st,SN.2nd,MT.1st,MT.2nd"
394,2018-19,(A) Pre-Prim - Movie Time with Popcorns,24/12/2018,"SN.Pre-Nur,SN.Nur,SN.LKG,SN.UKG,MT.Pre-Nur,MT.Nur,MT.LKG,MT.UKG"
395,2018-19,Special Assembly - Christmas,24/12/2018,"SN.Pre-Nur,SN.Nur,SN.LKG,SN.UKG,SN.1st,SN.2nd,SN.3rd,SN.4th,SN.5th,SN.6th,SN.7th,SN.8th,SN.9th,SN.10th,SN.11th,SN.12th,MT.Pre-Nur,MT.Nur,MT.LKG,MT.UKG,MT.1st,MT.2nd,MT.3rd,MT.4th,MT.5th,MT.6th,MT.7th,MT.8th,MT.9th,MT.10th,MT.11th,MT.12th"
396,2018-19,Holiday - Christmas,25/12/2018,"SN.Pre-Nur,SN.Nur,SN.LKG,SN.UKG,SN.1st,SN.2nd,SN.3rd,SN.4th,SN.5th,SN.6th,SN.7th,SN.8th,SN.9th,SN.10th,SN.11th,SN.12th,MT.Pre-Nur,MT.Nur,MT.LKG,MT.UKG,MT.1st,MT.2nd,MT.3rd,MT.4th,MT.5th,MT.6th,MT.7th,MT.8th,MT.9th,MT.10th,MT.11th,MT.12th"
397,2018-19,9th-12th Pre-Board / Final Term-1,26/12/2018,"SN.9th,SN.10th,SN.11th,SN.12th,MT.9th,MT.10th,MT.11th,MT.12th"
398,2018-19,9th-12th Pre-Board / Final Term-1,29/12/2018,"SN.9th,SN.10th,SN.11th,SN.12th,MT.9th,MT.10th,MT.11th,MT.12th"
399,2018-19,Holiday - New Year,1/1/2019,"SN.Pre-Nur,SN.Nur,SN.LKG,SN.UKG,SN.1st,SN.2nd,SN.3rd,SN.4th,SN.5th,SN.6th,SN.7th,SN.8th,SN.9th,SN.10th,SN.11th,SN.12th,MT.Pre-Nur,MT.Nur,MT.LKG,MT.UKG,MT.1st,MT.2nd,MT.3rd,MT.4th,MT.5th,MT.6th,MT.7th,MT.8th,MT.9th,MT.10th,MT.11th,MT.12th"
400,2018-19,9th-12th Pre-Board / Final Term-1,2/1/2019,"SN.9th,SN.10th,SN.11th,SN.12th,MT.9th,MT.10th,MT.11th,MT.12th"
401,2018-19,9th-12th Pre-Board / Final Term-1,5/1/2019,"SN.9th,SN.10th,SN.11th,SN.12th,MT.9th,MT.10th,MT.11th,MT.12th"
402,2018-19,9th-12th Pre-Board / Final Term-1,8/1/2019,"SN.9th,SN.10th,SN.11th,SN.12th,MT.9th,MT.10th,MT.11th,MT.12th"
403,2018-19,9th-12th Pre-Board / Final Term-1,10/1/2019,"SN.9th,SN.10th,SN.11th,SN.12th,MT.9th,MT.10th,MT.11th,MT.12th"
404,2018-19,2nd Saturday Off,12/1/2019,"SN.Pre-Nur,SN.Nur,SN.LKG,SN.UKG,SN.1st,SN.2nd,SN.3rd,SN.4th,SN.5th,SN.6th,SN.7th,SN.8th,SN.9th,SN.10th,SN.11th,SN.12th,MT.Pre-Nur,MT.Nur,MT.LKG,MT.UKG,MT.1st,MT.2nd,MT.3rd,MT.4th,MT.5th,MT.6th,MT.7th,MT.8th,MT.9th,MT.10th,MT.11th,MT.12th"
405,2018-19,Holiday - Makar Sakranti,14/1/2019,"SN.Pre-Nur,SN.Nur,SN.LKG,SN.UKG,SN.1st,SN.2nd,SN.3rd,SN.4th,SN.5th,SN.6th,SN.7th,SN.8th,SN.9th,SN.10th,SN.11th,SN.12th,MT.Pre-Nur,MT.Nur,MT.LKG,MT.UKG,MT.1st,MT.2nd,MT.3rd,MT.4th,MT.5th,MT.6th,MT.7th,MT.8th,MT.9th,MT.10th,MT.11th,MT.12th"
406,2018-19,(C) 1st-2nd - Hindi Rhyme Competition (P),15/1/2019,"SN.1st,SN.2nd,MT.1st,MT.2nd"
407,2018-19,(C) Pre-Prim - Hurdle Race,17/1/2019,"SN.Pre-Nur,SN.Nur,SN.LKG,SN.UKG,MT.Pre-Nur,MT.Nur,MT.LKG,MT.UKG"
408,2018-19,(C) 3rd-5th - Cooking Without Fire,18/1/2019,"SN.3rd,SN.4th,SN.5th,MT.3rd,MT.4th,MT.5th"
409,2018-19,(C) 1st-2nd - Hindi Rhyme Competition (F),19/1/2019,"SN.1st,SN.2nd,MT.1st,MT.2nd"
410,2018-19,(C) 1st-2nd - Best Out ot Waste,21/1/2019,"SN.1st,SN.2nd,MT.1st,MT.2nd"
411,2018-19,(C) 3rd-5th - Best Out of Waste Exhibition,21/1/2019,"SN.3rd,SN.4th,SN.5th,MT.3rd,MT.4th,MT.5th"
412,2018-19,(C) 6th-8th - Best Out of Waste Exhibition,21/1/2019,"SN.6th,SN.7th,SN.8th,MT.6th,MT.7th,MT.8th"
413,2018-19,(A) Nur-LKG - Rainbow Festival (Violet Day),21/1/2019,"SN.Pre-Nur,SN.Nur,SN.LKG,MT.Pre-Nur,MT.Nur,MT.LKG"
414,2018-19,(A) 1st-2nd - Shopping With Fake Money,23/1/2019,"SN.1st,SN.2nd,MT.1st,MT.2nd"
415,2018-19,(C) 3rd-5th - Puppetry - Story Telling (A),24/1/2019,"SN.3rd,SN.4th,SN.5th,MT.3rd,MT.4th,MT.5th"
416,2018-19,(A) Pre-Prim - Knowing National Symbols,25/1/2019,"SN.Pre-Nur,SN.Nur,SN.LKG,SN.UKG,MT.Pre-Nur,MT.Nur,MT.LKG,MT.UKG"
417,2018-19,Special Assembly - Republic Day,25/1/2019,"SN.Pre-Nur,SN.Nur,SN.LKG,SN.UKG,SN.1st,SN.2nd,SN.3rd,SN.4th,SN.5th,SN.6th,SN.7th,SN.8th,SN.9th,SN.10th,SN.11th,SN.12th,MT.Pre-Nur,MT.Nur,MT.LKG,MT.UKG,MT.1st,MT.2nd,MT.3rd,MT.4th,MT.5th,MT.6th,MT.7th,MT.8th,MT.9th,MT.10th,MT.11th,MT.12th"
418,2018-19,Holiday - Republic Day,26/1/2019,"SN.Pre-Nur,SN.Nur,SN.LKG,SN.UKG,SN.1st,SN.2nd,SN.3rd,SN.4th,SN.5th,SN.6th,SN.7th,SN.8th,SN.9th,SN.10th,SN.11th,SN.12th,MT.Pre-Nur,MT.Nur,MT.LKG,MT.UKG,MT.1st,MT.2nd,MT.3rd,MT.4th,MT.5th,MT.6th,MT.7th,MT.8th,MT.9th,MT.10th,MT.11th,MT.12th"
419,2018-19,1st-8th Final Term-1,28/1/2019,"SN.1st,SN.2nd,SN.3rd,SN.4th,SN.5th,SN.6th,SN.7th,SN.8th,MT.1st,MT.2nd,MT.3rd,MT.4th,MT.5th,MT.6th,MT.7th,MT.8th"
420,2018-19,1st-8th Final Term-1,30/1/2019,"SN.1st,SN.2nd,SN.3rd,SN.4th,SN.5th,SN.6th,SN.7th,SN.8th,MT.1st,MT.2nd,MT.3rd,MT.4th,MT.5th,MT.6th,MT.7th,MT.8th"
421,2018-19,1st-8th Final Term-1,1/2/2019,"SN.1st,SN.2nd,SN.3rd,SN.4th,SN.5th,SN.6th,SN.7th,SN.8th,MT.1st,MT.2nd,MT.3rd,MT.4th,MT.5th,MT.6th,MT.7th,MT.8th"
422,2018-19,(C) Pre-Prim - Story Telling Competition,1/2/2019,"SN.Pre-Nur,SN.Nur,SN.LKG,SN.UKG,MT.Pre-Nur,MT.Nur,MT.LKG,MT.UKG"
423,2018-19,1st-8th Final Term-1,2/2/2019,"SN.1st,SN.2nd,SN.3rd,SN.4th,SN.5th,SN.6th,SN.7th,SN.8th,MT.1st,MT.2nd,MT.3rd,MT.4th,MT.5th,MT.6th,MT.7th,MT.8th"
424,2018-19,1st-8th Final Term-1,4/2/2019,"SN.1st,SN.2nd,SN.3rd,SN.4th,SN.5th,SN.6th,SN.7th,SN.8th,MT.1st,MT.2nd,MT.3rd,MT.4th,MT.5th,MT.6th,MT.7th,MT.8th"
425,2018-19,1st-8th Final Term-1,6/2/2019,"SN.1st,SN.2nd,SN.3rd,SN.4th,SN.5th,SN.6th,SN.7th,SN.8th,MT.1st,MT.2nd,MT.3rd,MT.4th,MT.5th,MT.6th,MT.7th,MT.8th"
426,2018-19,1st-8th Final Term-1,8/2/2019,"SN.1st,SN.2nd,SN.3rd,SN.4th,SN.5th,SN.6th,SN.7th,SN.8th,MT.1st,MT.2nd,MT.3rd,MT.4th,MT.5th,MT.6th,MT.7th,MT.8th"
427,2018-19,(A) Pre-Prim - Awareness About First-Aid,8/2/2019,"SN.Pre-Nur,SN.Nur,SN.LKG,SN.UKG,MT.Pre-Nur,MT.Nur,MT.LKG,MT.UKG"
428,2018-19,1st-8th Final Term-1,9/2/2019,"SN.1st,SN.2nd,SN.3rd,SN.4th,SN.5th,SN.6th,SN.7th,SN.8th,MT.1st,MT.2nd,MT.3rd,MT.4th,MT.5th,MT.6th,MT.7th,MT.8th"
429,2018-19,2nd Saturday Off,9/2/2019,"SN.Pre-Nur,SN.Nur,SN.LKG,SN.UKG,SN.1st,SN.2nd,SN.3rd,SN.4th,SN.5th,SN.6th,SN.7th,SN.8th,SN.9th,SN.10th,SN.11th,SN.12th,MT.Pre-Nur,MT.Nur,MT.LKG,MT.UKG,MT.1st,MT.2nd,MT.3rd,MT.4th,MT.5th,MT.6th,MT.7th,MT.8th,MT.9th,MT.10th,MT.11th,MT.12th"
430,2018-19,(A) 1st-2nd - Reading Week,11/2/2019,"SN.1st,SN.2nd,MT.1st,MT.2nd"
431,2018-19,(C) 1st-2nd - MS Paint,11/2/2019,"SN.1st,SN.2nd,MT.1st,MT.2nd"
432,2018-19,(A) 3rd-5th - Reading Week,11/2/2019,"SN.3rd,SN.4th,SN.5th,MT.3rd,MT.4th,MT.5th"
433,2018-19,(A) Nur-LKG - The Grand Rainbow Festival,11/2/2019,"SN.Pre-Nur,SN.Nur,SN.LKG,MT.Pre-Nur,MT.Nur,MT.LKG"
434,2018-19,(A) 1st-2nd - Reading Week,12/2/2019,"SN.1st,SN.2nd,MT.1st,MT.2nd"
435,2018-19,(A) 3rd-5th - Reading Week,12/2/2019,"SN.3rd,SN.4th,SN.5th,MT.3rd,MT.4th,MT.5th"
436,2018-19,(A) 1st-2nd - Reading Week,13/2/2019,"SN.1st,SN.2nd,MT.1st,MT.2nd"
437,2018-19,(A) 3rd-5th - Reading Week,13/2/2019,"SN.3rd,SN.4th,SN.5th,MT.3rd,MT.4th,MT.5th"
438,2018-19,Holiday - Mahashivratri,13/2/2019,"SN.Pre-Nur,SN.Nur,SN.LKG,SN.UKG,SN.1st,SN.2nd,SN.3rd,SN.4th,SN.5th,SN.6th,SN.7th,SN.8th,SN.9th,SN.10th,SN.11th,SN.12th,MT.Pre-Nur,MT.Nur,MT.LKG,MT.UKG,MT.1st,MT.2nd,MT.3rd,MT.4th,MT.5th,MT.6th,MT.7th,MT.8th,MT.9th,MT.10th,MT.11th,MT.12th"
439,2018-19,(A) 1st-2nd - Reading Week,14/2/2019,"SN.1st,SN.2nd,MT.1st,MT.2nd"
440,2018-19,(A) 3rd-5th - Reading Week,14/2/2019,"SN.3rd,SN.4th,SN.5th,MT.3rd,MT.4th,MT.5th"
441,2018-19,(A) 1st-2nd - Reading Week,15/2/2019,"SN.1st,SN.2nd,MT.1st,MT.2nd"
442,2018-19,(A) 3rd-5th - Reading Week,15/2/2019,"SN.3rd,SN.4th,SN.5th,MT.3rd,MT.4th,MT.5th"
443,2018-19,(A) 1st-2nd - Reading Week,16/2/2019,"SN.1st,SN.2nd,MT.1st,MT.2nd"
444,2018-19,(A) 3rd-5th - Reading Week,16/2/2019,"SN.3rd,SN.4th,SN.5th,MT.3rd,MT.4th,MT.5th"
445,2018-19,(A) 1st-2nd - Guess The First Letter,18/2/2019,"SN.1st,SN.2nd,MT.1st,MT.2nd"
446,2018-19,(C) 1st-2nd - Frog Race,21/2/2019,"SN.1st,SN.2nd,MT.1st,MT.2nd"
447,2018-19,(C) Pre-Prim - GK Quiz,23/2/2019,"SN.Pre-Nur,SN.Nur,SN.LKG,SN.UKG,MT.Pre-Nur,MT.Nur,MT.LKG,MT.UKG"
448,2018-19,Holiday - Holi,1/3/2019,"SN.Pre-Nur,SN.Nur,SN.LKG,SN.UKG,SN.1st,SN.2nd,SN.3rd,SN.4th,SN.5th,SN.6th,SN.7th,SN.8th,SN.9th,SN.10th,SN.11th,SN.12th,MT.Pre-Nur,MT.Nur,MT.LKG,MT.UKG,MT.1st,MT.2nd,MT.3rd,MT.4th,MT.5th,MT.6th,MT.7th,MT.8th,MT.9th,MT.10th,MT.11th,MT.12th"
449,2018-19,Holiday - Holi,2/3/2019,"SN.Pre-Nur,SN.Nur,SN.LKG,SN.UKG,SN.1st,SN.2nd,SN.3rd,SN.4th,SN.5th,SN.6th,SN.7th,SN.8th,SN.9th,SN.10th,SN.11th,SN.12th,MT.Pre-Nur,MT.Nur,MT.LKG,MT.UKG,MT.1st,MT.2nd,MT.3rd,MT.4th,MT.5th,MT.6th,MT.7th,MT.8th,MT.9th,MT.10th,MT.11th,MT.12th"
450,2018-19,1st-8th Final Term-2,4/3/2019,"SN.1st,SN.2nd,SN.3rd,SN.4th,SN.5th,SN.6th,SN.7th,SN.8th,MT.1st,MT.2nd,MT.3rd,MT.4th,MT.5th,MT.6th,MT.7th,MT.8th"
451,2018-19,1st-8th Final Term-2,6/3/2019,"SN.1st,SN.2nd,SN.3rd,SN.4th,SN.5th,SN.6th,SN.7th,SN.8th,MT.1st,MT.2nd,MT.3rd,MT.4th,MT.5th,MT.6th,MT.7th,MT.8th"
452,2018-19,1st-8th Final Term-2,8/3/2019,"SN.1st,SN.2nd,SN.3rd,SN.4th,SN.5th,SN.6th,SN.7th,SN.8th,MT.1st,MT.2nd,MT.3rd,MT.4th,MT.5th,MT.6th,MT.7th,MT.8th"
453,2018-19,1st-8th Final Term-2,9/3/2019,"SN.1st,SN.2nd,SN.3rd,SN.4th,SN.5th,SN.6th,SN.7th,SN.8th,MT.1st,MT.2nd,MT.3rd,MT.4th,MT.5th,MT.6th,MT.7th,MT.8th"
454,2018-19,2nd Saturday Off,9/3/2019,"SN.Pre-Nur,SN.Nur,SN.LKG,SN.UKG,SN.1st,SN.2nd,SN.3rd,SN.4th,SN.5th,SN.6th,SN.7th,SN.8th,SN.9th,SN.10th,SN.11th,SN.12th,MT.Pre-Nur,MT.Nur,MT.LKG,MT.UKG,MT.1st,MT.2nd,MT.3rd,MT.4th,MT.5th,MT.6th,MT.7th,MT.8th,MT.9th,MT.10th,MT.11th,MT.12th"
455,2018-19,1st-8th Final Term-2,11/3/2019,"SN.1st,SN.2nd,SN.3rd,SN.4th,SN.5th,SN.6th,SN.7th,SN.8th,MT.1st,MT.2nd,MT.3rd,MT.4th,MT.5th,MT.6th,MT.7th,MT.8th"
456,2018-19,1st-8th Final Term-2,13/3/2019,"SN.1st,SN.2nd,SN.3rd,SN.4th,SN.5th,SN.6th,SN.7th,SN.8th,MT.1st,MT.2nd,MT.3rd,MT.4th,MT.5th,MT.6th,MT.7th,MT.8th"
457,2018-19,1st-8th Final Term-2,15/3/2019,"SN.1st,SN.2nd,SN.3rd,SN.4th,SN.5th,SN.6th,SN.7th,SN.8th,MT.1st,MT.2nd,MT.3rd,MT.4th,MT.5th,MT.6th,MT.7th,MT.8th"
458,2018-19,1st-8th Final Term-2,16/3/2019,"SN.1st,SN.2nd,SN.3rd,SN.4th,SN.5th,SN.6th,SN.7th,SN.8th,MT.1st,MT.2nd,MT.3rd,MT.4th,MT.5th,MT.6th,MT.7th,MT.8th"
459,2018-19,PTM-5 for all classes,24/3/2019,"SN.Pre-Nur,SN.Nur,SN.LKG,SN.UKG,SN.1st,SN.2nd,SN.3rd,SN.4th,SN.5th,SN.6th,SN.7th,SN.8th,SN.9th,SN.10th,SN.11th,SN.12th,MT.Pre-Nur,MT.Nur,MT.LKG,MT.UKG,MT.1st,MT.2nd,MT.3rd,MT.4th,MT.5th,MT.6th,MT.7th,MT.8th,MT.9th,MT.10th,MT.11th,MT.12th"